avg_temp_max,avg_precip,soil_temp_surface,soil_temp_deep,soil_moisture_surface,soil_moisture_deep,lat,lon,elevation,dist_to_coast,ndci,ndvi,mndwi
32.1,1.95,25.3,23.4,0.102,0.14,40.11606,-104.81825,1490.0,1373.9,0.1483253588516745,-0.0179983179142136,-0.0410167533217793
34.0,0.0,28.1,26.1,0.062,0.107,37.61242,-120.65653,72.0,163.5,0.033581754511987,0.1998661859272199,-0.254739336492891
27.2,4.26,22.4,20.8,0.178,0.184,43.64356,-96.19319,435.0,679.5,0.3420110641067361,0.6411712511091393,-0.6068270614846802
28.6,0.52,23.5,22.0,0.208,0.212,40.81693,-75.07663,95.0,91.6,0.1404525902375163,0.4048174048174048,-0.437160751565762
34.2,20.28,29.0,28.6,0.172,0.175,28.3176,-81.52107,27.0,221.1,0.6093023255813953,0.5675675675675675,-0.7363515312916112
31.1,1.05,24.7,23.1,0.082,0.125,39.48827,-105.09275,1678.0,1322.1,0.3101449275362319,0.3881748071979434,-0.5625356938892062
28.0,5.79,22.6,20.8,0.225,0.233,45.6912,-96.7553,295.0,576.5,0.1454545454545454,-0.1058823529411764,0.7007299270072993
26.3,4.73,21.8,19.9,0.238,0.24,45.26329,-94.31249,318.0,446.7,0.1665278934221482,0.4339836019225332,-0.4495538778311599
32.4,3.8,28.3,26.9,0.235,0.236,35.04176,-89.85648,108.0,532.0,-0.000749063670411985,0.1426279480186106,-0.2467410083241715
33.7,10.04,28.5,27.8,0.137,0.137,30.24473,-83.24972,17.0,148.9,-0.1550802139037433,0.1183673469387755,-0.3114754098360656
27.9,3.92,22.8,20.9,0.199,0.201,40.83525,-74.6446,214.0,56.3,0.1603471904979442,0.3957922419460881,-0.3998044965786901
33.4,5.08,31.1,30.6,0.157,0.16,26.93597,-82.12165,0.0,229.4,-0.0052356020942408,-0.2549019607843137,0.3541076487252124
26.6,1.51,21.7,20.1,0.259,0.263,44.69361,-93.78834,278.0,465.0,0.1329394387001477,0.413439920059955,-0.4674652872311462
29.6,0.23,24.3,22.0,0.048,0.098,40.18707,-110.7701,1925.0,958.1,0.0172117039586919,0.2356091030789825,-0.3289264939185616
30.0,0.04,30.9,30.5,0.159,0.161,25.59,-80.1,0.0,15.8,-1.0,-0.0476190476190476,0.9175704989154012
27.7,4.39,21.8,20.2,0.131,0.159,43.2165,-71.76639,128.0,71.5,0.0205761316872428,0.0285714285714285,0.3943661971830985
30.1,0.03,24.9,23.3,0.05,0.105,48.323,-119.432,304.0,228.2,0.5345195729537366,0.8280305022350776,-0.527907967618236
27.2,1.08,22.2,20.5,0.272,0.277,44.85179,-93.54161,266.0,439.1,0.0892857142857142,-0.3246753246753247,0.6945010183299389
28.1,2.83,24.3,22.8,0.256,0.261,41.34888,-96.00111,341.0,700.2,0.0540612516644474,0.2043901892709149,-0.2769280136913039
32.4,0.06,26.1,23.8,0.052,0.123,40.11165,-108.7125,1624.0,1087.7,-0.2736660929432014,-0.8407960199004975,0.8604651162790697
33.9,4.66,28.6,27.9,0.132,0.132,30.08402,-83.07492,21.0,134.3,0.4417582417582417,0.560933448573898,-0.672289156626506
15.2,4.97,12.3,12.9,0.375,0.378,58.35584,-134.48569,12.0,1443.0,0.1859193438140806,0.6017388396589199,-0.2773063235696688
28.6,0.06,20.7,18.7,0.086,0.131,42.65972,-113.91194,1288.0,856.3,0.1000901713255184,0.3820433436532507,-0.2992413599325653
26.9,8.11,23.2,21.8,0.288,0.292,41.28002,-82.42024,255.0,306.1,0.0842266462480857,0.5557206537890045,-0.3705841607019164
26.3,0.03,20.2,18.0,0.144,0.17,40.59134,-110.11432,2236.0,1029.4,0.4197874903363837,0.6011994991102618,-0.5669740887132192
31.6,3.96,27.0,25.8,0.291,0.293,33.76022,-84.42814,288.0,434.2,0.306801007556675,0.7764782326185835,-0.6110146365666088
33.3,5.86,30.3,29.9,0.159,0.161,26.94433,-82.2177,4.0,237.9,0.5023576351106275,0.7547372184483375,-0.6681443951868271
26.7,4.13,22.8,21.4,0.289,0.293,41.4134,-85.8645,252.0,147.9,0.398311048557354,0.5232785057150823,-0.5715239154616241
34.1,11.47,30.4,29.5,0.184,0.187,28.011,-81.78122,47.0,254.6,0.035230352303523,-0.4071146245059288,0.3221957040572792
27.7,6.31,22.9,21.7,0.313,0.316,41.77137,-87.86998,194.0,23.8,0.1386861313868613,-0.1683168316831683,0.6677316293929713
26.2,4.22,21.7,20.2,0.242,0.243,40.8969,-78.6775,376.0,223.5,0.0594227504244482,-0.1013916500994035,-0.0352941176470588
33.4,8.51,27.8,26.9,0.266,0.269,30.52187,-84.10612,45.0,232.0,0.5398009950248757,0.8604826546003017,-0.6209773539928486
27.8,3.59,22.2,21.2,0.156,0.16,44.9049,-93.13557,204.0,415.2,0.3387004025301897,0.5704146432573777,-0.4837662337662338
26.0,5.02,21.5,20.4,0.138,0.141,45.51369,-92.99619,263.0,355.1,0.2429837518463811,0.4562334217506631,-0.4816061553257995
28.9,4.48,24.8,23.6,0.153,0.174,40.30983,-74.51675,29.0,61.6,0.1351888667992047,0.338654503990878,-0.282985339848956
24.5,1.22,17.4,18.2,0.175,0.179,44.27477,-68.35152,19.0,129.0,0.5284128020901372,0.84892236869638,-0.4265905383360522
27.1,7.41,20.7,18.9,0.152,0.173,44.03366,-69.95012,36.0,129.0,0.214013709063214,0.485543369890329,-0.6176078257003113
26.7,0.59,22.7,20.6,0.287,0.292,41.9181,-80.4689,248.0,168.8,0.314900153609831,0.5734098517455762,-0.5986607142857143
31.0,0.02,25.2,23.9,0.036,0.094,33.97447,-116.8608,911.0,132.7,0.4783709157846295,0.730070845984402,-0.6675487925901422
25.8,3.21,21.3,19.7,0.235,0.238,43.86487,-92.1986,302.0,445.8,0.0909813269765593,0.2408759124087591,-0.3926829268292683
27.8,1.08,23.2,21.4,0.213,0.216,42.65463,-70.80699,9.0,32.4,0.1797235023041474,0.4331210191082802,-0.4634844868735083
30.1,4.39,25.7,24.0,0.305,0.308,38.884,-90.658,136.0,406.5,0.2055702917771883,0.2345047923322683,-0.3928914505283381
34.3,5.08,31.0,30.5,0.156,0.16,27.85693,-82.36551,0.0,279.2,0.0428571428571428,-0.38860103626943,0.0696202531645569
25.7,2.45,21.5,20.0,0.252,0.255,44.08896,-92.28448,329.0,462.0,0.199017199017199,0.4710654407787993,-0.5755829185223998
30.3,0.44,24.3,22.3,0.074,0.126,43.68322,-116.66319,723.0,617.5,0.2468885672937771,0.4037580201649862,-0.4345598509548207
31.2,1.99,26.3,24.1,0.183,0.187,38.0158,-77.7161,76.0,116.4,-0.0049751243781094,-0.1778425655976676,0.6726057906458798
31.3,2.37,25.6,24.1,0.173,0.176,38.1548,-77.9502,77.0,117.0,0.0860144451739986,0.266403162055336,-0.3658850574712644
34.6,2.19,32.0,30.3,0.107,0.152,32.795,-99.60569,460.0,527.4,-0.0414201183431952,0.2243589743589743,-0.1392811296534018
32.5,1.39,29.7,29.1,0.13,0.127,28.24903,-82.75306,0.0,249.9,0.1054078826764436,-0.7617328519855595,0.8037225042301185
28.9,1.33,24.7,24.5,0.284,0.29,40.91661,-73.86814,81.0,26.5,0.2289893036454922,0.5706297106734743,-0.4621670702179177
32.4,1.94,30.2,29.8,0.166,0.167,26.73529,-82.12721,0.0,218.5,-0.1136363636363636,-0.3517241379310344,0.5981735159817352
34.3,5.08,31.0,30.5,0.156,0.16,27.85663,-82.36462,0.0,279.3,0.0738255033557047,-0.3869346733668342,0.2740740740740741
30.5,3.52,24.1,22.9,0.253,0.251,37.3492,-82.2063,311.0,486.9,-0.0219058050383351,0.124765478424015,-0.3599348534201954
27.3,4.85,23.3,22.1,0.293,0.297,40.47263,-87.20694,206.0,140.4,0.209742895805142,0.5867924528301887,-0.4964410327983252
28.1,6.79,23.5,22.3,0.294,0.298,39.73161,-87.08484,195.0,223.1,0.0622182146077547,-0.2192262602579132,0.654196157735086
26.8,0.58,22.4,20.4,0.126,0.173,43.87533,-115.92068,1248.0,645.1,0.0865544225752904,0.3167789996452643,-0.406266409942237
24.2,1.7,19.1,18.0,0.183,0.183,48.54091,-93.00387,346.0,240.7,-0.0105263157894736,-0.2631578947368421,0.3277310924369748
27.1,0.65,22.6,21.1,0.226,0.228,44.36088,-95.14731,318.0,564.0,0.1123403078428661,0.3405092702356679,-0.3714139344262295
25.0,3.26,21.1,19.5,0.348,0.346,47.7893,-96.45016,286.0,488.8,0.1030392883617494,0.4083129584352078,-0.3627892996693718
28.9,4.29,22.9,23.3,0.258,0.266,40.90666,-73.635,0.0,38.4,-0.0933333333333333,-0.3015873015873015,0.7777777777777778
29.5,1.11,26.8,25.7,0.281,0.288,40.80227,-74.06585,0.0,12.7,-0.0198198198198198,-0.5380434782608695,0.7520858164481525
28.7,4.84,25.1,24.0,0.266,0.273,40.90056,-74.18278,103.0,27.1,0.3360686311077956,0.6457006369426752,-0.5726751433557716
28.7,6.59,23.9,22.2,0.234,0.235,42.4244,-83.3159,197.0,177.1,0.2742782488408433,0.4383425852498017,-0.4270977980559413
32.7,5.09,30.0,29.2,0.187,0.173,28.43489,-82.65265,20.0,227.0,0.518935516888434,0.8415908324907314,-0.6033229491173416
29.7,3.94,25.4,24.1,0.137,0.158,40.16722,-74.6775,22.0,82.4,0.1947318908748824,0.4820492133924969,-0.4077578051087985
31.2,0.19,23.7,21.3,0.053,0.096,37.23462,-107.86863,1963.0,987.8,-0.084734954165006,-0.0349863097048981,-0.1310513600853387
33.6,13.63,29.8,29.2,0.174,0.176,27.75076,-81.17683,21.0,237.6,0.2193645990922844,0.7708703374777975,-0.4409937888198758
23.1,2.45,24.6,22.8,0.194,0.208,41.89155,-83.19624,172.0,235.0,-0.0807174887892376,-0.3577464788732394,0.8394863563402889
28.5,1.36,21.9,20.4,0.149,0.169,42.93808,-72.52546,70.0,133.4,-0.0684931506849315,-0.4117647058823529,0.1750741839762611
28.1,2.22,23.0,21.4,0.078,0.081,42.38,-71.734,120.0,60.3,0.0553745928338761,-0.1958762886597938,0.4491017964071855
26.7,4.83,22.6,21.7,0.183,0.185,41.56347,-86.49508,208.0,93.1,0.2788732394366197,0.3930053349140486,-0.4875717017208413
31.9,0.02,26.1,23.5,0.044,0.09,38.32749,-109.06039,1833.0,958.2,0.0919041328552557,0.3028107794842075,-0.3731863029599536
28.0,4.36,25.8,23.8,0.299,0.304,41.48,-82.94444,172.0,280.2,0.1266511266511266,-0.357487922705314,0.8982188295165394
27.0,1.29,21.9,21.1,0.144,0.149,41.74666,-70.6533,0.0,78.1,-0.1351351351351351,-0.5849056603773585,0.6190476190476191
27.4,5.39,23.4,22.1,0.288,0.293,40.03054,-85.31502,325.0,267.2,0.0817438692098092,0.3572790845518118,0.021259842519685
34.9,7.98,30.2,29.4,0.179,0.183,27.97269,-81.84247,33.0,259.2,0.336832895888014,-0.0355191256830601,0.8101472995090017
31.7,0.74,24.8,22.9,0.111,0.151,40.44569,-104.81225,1438.0,1390.5,0.2945826551964659,0.3613976005051567,-0.5311676909569798
22.4,0.13,16.3,14.7,0.109,0.136,40.52797,-121.38712,2003.0,318.1,0.081081081081081,0.088659793814433,0.4216867469879518
32.7,0.21,25.5,23.3,0.055,0.117,40.20663,-109.85855,1482.0,1017.3,0.1028930817610062,0.0380361478284327,-0.1486827033218785
28.3,0.94,22.1,20.7,0.088,0.089,43.0367,-71.21969,80.0,26.9,-0.1259842519685039,-0.2489082969432314,0.3374613003095975
25.3,2.55,20.9,19.1,0.216,0.233,46.94495,-94.40514,408.0,355.1,-0.0146341463414634,-0.0666666666666666,0.3738019169329074
33.2,4.74,28.5,27.0,0.23,0.233,34.40497,-79.34035,21.0,134.3,0.382010582010582,0.7440841367221736,-0.4691279439847231
25.4,5.34,19.7,18.1,0.218,0.226,46.92198,-94.91089,422.0,392.4,0.1117505995203836,0.3533519553072625,-0.3578500707213578
27.7,2.27,23.0,21.1,0.218,0.221,41.01844,-74.40106,181.0,48.9,0.0432989690721649,0.3643835616438356,-0.3698311007571345
32.0,2.86,27.0,25.7,0.244,0.249,36.00756,-79.94092,233.0,273.6,0.0728083209509658,-0.3220338983050847,0.6171617161716172
35.3,0.53,31.3,30.0,0.039,0.069,35.34439,-103.38961,1134.0,976.6,0.0084889643463497,0.0590762620837808,-0.1765650080256821
25.4,3.21,20.2,18.9,0.136,0.138,44.65167,-85.45526,257.0,172.3,0.0990894483128012,0.5004455004455004,-0.3219682293684618
28.5,0.0,22.9,20.8,0.044,0.075,34.66295,-118.39526,1002.0,74.2,0.2380261248185776,0.4376004284949116,-0.5469853340575774
32.3,7.49,27.8,27.1,0.173,0.176,30.78089,-86.22094,50.0,102.8,0.4666666666666667,0.7722308892355694,-0.5819750719079578
34.5,0.14,26.5,24.5,0.073,0.116,38.43946,-105.23278,1624.0,1255.0,-0.0238938053097345,0.100660707345511,-0.1672771672771672
23.4,0.65,19.7,18.4,0.1,0.169,47.77913,-122.18783,14.0,21.6,0.3884484711211778,0.8153214774281806,-0.4731522425773847
26.0,3.16,22.0,20.1,0.222,0.224,45.33355,-95.12064,365.0,490.2,0.3182109993580141,0.6247497153625692,-0.5306403302841415
32.1,0.53,26.7,24.8,0.083,0.141,39.92278,-104.86746,1532.0,1361.0,-0.0515151515151515,0.0243673851921274,-0.1112525863441031
25.7,2.82,20.9,19.3,0.274,0.276,45.94815,-95.36158,412.0,468.0,0.163194905134669,-0.0374208405296488,0.4455852156057495
29.2,3.23,25.5,24.3,0.275,0.278,39.17472,-94.40056,221.0,640.1,0.2459439528023599,0.4846270161290322,-0.5519762111262545
28.8,1.72,23.0,21.3,0.207,0.212,42.5828,-73.75392,0.0,210.4,-0.1063829787234042,-0.2338983050847457,0.5161290322580645
30.1,0.0,24.8,23.7,0.043,0.084,33.88335,-117.64533,143.0,61.8,0.1907438016528925,0.0730783794017417,-0.3937575030012005
28.5,8.95,24.1,22.8,0.293,0.296,38.44222,-86.48778,167.0,374.4,0.4302370773416246,0.4782918149466192,-0.6929347826086957
29.8,8.29,24.9,23.1,0.203,0.244,43.74833,-99.55611,424.0,878.2,0.0049583684161287,-0.0564163686928883,0.4100260793972761
29.3,4.78,24.4,22.9,0.185,0.188,40.4729,-74.57106,15.0,54.4,-0.1231393775372124,0.2242990654205607,-0.1061783203847576
32.8,0.0,25.3,22.6,0.078,0.114,39.0219,-122.88898,404.0,140.0,0.0079470198675496,0.5583075335397317,-0.2271430716108692
30.9,2.14,26.2,25.0,0.305,0.308,34.19,-84.5778,258.0,460.4,-0.1331058020477815,-0.509090909090909,0.8552631578947368
25.1,7.35,19.9,18.4,0.218,0.227,46.86404,-95.02542,418.0,402.6,0.4180353269290363,0.6805579180132676,-0.5054545454545455
26.8,1.89,22.5,20.9,0.15,0.161,42.91108,-70.82708,1.0,21.8,0.037037037037037,0.0496083550913838,0.0979020979020979
34.1,7.41,29.8,29.3,0.253,0.261,27.11872,-81.15731,8.0,174.9,0.4348837209302325,0.268347760632292,-0.6628630705394191
26.0,1.84,21.7,20.2,0.236,0.24,43.61358,-92.96947,358.0,487.8,0.0337751175716118,0.2312925170068027,-0.2748073780060706
23.3,1.22,18.3,17.0,0.164,0.168,43.76088,-74.91592,536.0,332.5,0.0772277227722772,0.607413647851727,-0.2059514487079091
25.7,4.31,21.4,20.3,0.145,0.149,43.79004,-89.60018,275.0,284.0,0.4305694305694306,0.7375690607734806,-0.5859576664945793
29.7,4.59,25.5,23.9,0.181,0.184,38.80842,-77.29678,108.0,27.6,0.3383613301336989,0.7057428426223954,-0.5458872920361418
31.8,0.36,26.0,24.0,0.09,0.139,40.04385,-104.82373,1501.0,1370.0,-0.0787368421052631,0.0592411260709914,-0.1568260414353247
31.7,4.29,26.9,25.5,0.28,0.282,32.43011,-85.65067,103.0,269.4,0.3148820326678765,0.5931015898679601,-0.5961748633879781
30.1,0.78,25.5,24.1,0.227,0.229,38.6386,-75.3161,13.0,148.9,0.2334983498349835,0.6244188397008288,-0.4629324546952224
26.2,0.13,21.4,18.1,0.096,0.143,42.43916,-122.01224,1259.0,207.5,0.1098085769401989,-0.4531581178465451,0.933731667571972
32.3,2.38,28.0,26.6,0.238,0.242,34.97582,-96.24075,214.0,591.9,0.0763533384162945,0.0574985180794309,-0.0340177750536316
27.1,2.35,21.8,20.2,0.255,0.259,44.9321,-93.6691,280.0,438.5,0.0046022353714661,0.0631188118811881,-0.179236641221374
33.7,5.05,30.2,29.8,0.173,0.175,26.72273,-81.69102,1.0,180.6,0.3158098183223811,0.6936126016963822,-0.2779187817258883
27.1,5.15,22.8,21.4,0.282,0.285,41.42512,-85.5373,264.0,174.3,0.1909982688978649,0.4160766347355268,-0.5475923852183651
26.8,3.55,21.8,20.2,0.255,0.259,44.84061,-93.6825,284.0,447.0,0.1679586563307493,0.1806615776081425,-0.0895522388059701
32.8,8.66,27.9,26.9,0.29,0.294,30.8163,-88.0711,13.0,95.4,0.1651829871414441,0.2392969806219017,-0.4365591397849462
26.0,1.86,21.1,19.4,0.092,0.095,42.79547,-72.00792,310.0,93.5,0.005420054200542,-0.1223241590214067,0.5014492753623189
29.5,0.08,25.3,22.5,0.062,0.112,40.57482,-109.61822,1908.0,1059.3,0.3837305111769803,0.6972034259215446,-0.4675974403723094
31.5,10.32,27.7,26.9,0.271,0.277,30.7093,-84.7241,60.0,239.6,0.0286120530600959,0.2830675822551293,-0.2547397872157662
32.3,2.6,31.4,31.3,0.174,0.177,25.81508,-80.17527,2.0,3.0,-0.3135593220338983,-1.0,0.9125
28.1,4.44,25.8,23.8,0.299,0.304,41.44306,-82.95278,172.0,284.3,0.0811309157959434,-0.2860215053763441,0.9163043478260868
32.9,1.43,27.1,25.8,0.203,0.207,36.18278,-78.87889,133.0,237.7,0.4351279788172992,0.7221016066000868,-0.455188679245283
31.7,3.52,26.0,24.5,0.293,0.295,33.4297,-85.012,216.0,395.1,-0.0627007733491969,0.1668687622423281,-0.1891252955082742
29.2,16.2,25.6,24.2,0.282,0.286,37.50651,-94.56776,284.0,757.0,0.0390879478827361,0.3171296296296296,-0.3646163601775523
31.8,4.35,28.6,27.1,0.223,0.227,34.492,-96.992,282.0,553.5,0.164785553047404,0.5013477088948787,-0.4698952879581152
31.2,0.75,24.7,22.8,0.099,0.137,40.28171,-105.08494,1516.0,1361.6,0.2537878787878788,0.6247619047619047,-0.5066425120772947
25.9,4.31,21.6,20.2,0.236,0.24,43.65651,-93.00322,375.0,492.2,0.1966527196652719,0.5838150289017341,-0.4693492612386042
24.8,3.75,20.4,19.3,0.276,0.279,36.23912,-81.67036,1039.0,410.7,-0.0745614035087719,-0.3066666666666666,0.2991656734207389
24.5,2.27,19.6,18.1,0.267,0.27,46.11584,-93.73356,379.0,351.9,0.1027142096860032,0.5475040257648953,-0.4061019518665908
33.5,2.34,28.5,27.3,0.074,0.073,32.4061,-81.01872,13.0,113.6,0.36124911284599,0.5978552278820375,-0.5064935064935064
26.0,2.17,21.2,19.5,0.157,0.17,43.61662,-70.25116,20.0,77.8,0.3956916099773243,0.7186592768540512,-0.6028464927143341
30.7,1.34,25.5,23.9,0.179,0.181,39.00208,-76.89098,33.0,14.8,0.0762876579203109,0.5226017076845806,-0.3510480277273477
26.6,3.29,21.4,20.1,0.113,0.117,41.70075,-73.2777,270.0,126.6,-0.0230179028132992,-0.6260162601626016,0.5085470085470085
23.8,6.78,18.7,17.6,0.23,0.233,47.57193,-95.09033,427.0,389.8,0.2531590413943355,0.6818266196398738,-0.4515948517067711
26.1,1.45,20.7,19.9,0.142,0.159,43.733,-70.2048,6.0,90.0,0.1857100089811396,-0.0156833457804331,-0.0567989864864865
26.9,1.03,22.6,21.2,0.202,0.216,42.97384,-85.02497,193.0,199.3,0.0940465918895599,0.4030699260943718,-0.4320388349514563
33.9,8.26,28.6,28.0,0.18,0.184,30.46232,-87.27284,21.0,9.8,0.0947368421052631,-0.237410071942446,-0.1666666666666666
30.5,2.96,25.9,24.3,0.186,0.19,38.82422,-75.30861,1.0,146.7,-0.0179177889682632,0.1042868920032975,-0.0603323296531727
35.6,0.25,30.6,28.8,0.058,0.111,34.90588,-106.68618,1491.0,1001.4,0.001556824078879,-0.1003324159130714,0.0841842523258452
32.8,0.0,28.3,26.0,0.101,0.245,40.70856,-111.91993,1295.0,934.5,0.3114930182599355,0.2387173396674584,-0.5677530017152659
35.2,0.07,29.5,27.0,0.044,0.096,39.10613,-108.60772,1394.0,1034.4,0.1392121754700089,0.0853745541022592,-0.2747061384414453
30.6,0.24,25.8,23.4,0.055,0.11,44.01837,-117.39996,763.0,550.1,0.0295081967213114,-0.5376623376623376,0.7755102040816326
25.8,2.37,22.7,20.3,0.222,0.224,45.27712,-94.95576,357.0,483.9,0.2123230641132389,0.6217512994802079,-0.4161490683229814
32.0,4.4,28.9,27.8,0.266,0.268,30.73725,-95.09164,42.0,119.1,0.0775862068965517,-0.5322195704057279,0.8556338028169014
31.9,4.92,28.7,28.3,0.18,0.182,28.9567,-80.8819,0.0,169.0,-0.0433566433566433,-0.1583850931677018,0.3829787234042553
28.8,0.03,22.0,19.6,0.088,0.143,41.50032,-111.94189,1572.0,992.3,-0.0369499934717326,0.0031379440190786,0.0962726452418963
25.2,0.62,19.7,18.2,0.093,0.118,35.89075,-106.49589,2635.0,1044.6,0.0566487775790101,0.3793644566496665,-0.3178561192318715
22.6,0.0,17.8,17.4,0.121,0.134,37.86972,-122.52811,21.0,8.1,0.3826274228284279,0.695898161244696,-0.5895339329517579
26.7,2.4,23.1,21.5,0.289,0.292,41.3333,-85.76567,252.0,158.1,-0.0092592592592592,-0.058252427184466,0.4392523364485981
28.8,3.61,22.3,20.6,0.196,0.199,41.55841,-75.89464,194.0,185.2,0.0666666666666666,0.3862559241706161,-0.1082981715893108
25.9,0.23,18.9,17.7,0.138,0.17,44.63051,-122.92429,81.0,197.2,-0.0671908506075768,0.0774953349563154,-0.0146134709296967
32.4,0.66,24.5,22.7,0.1,0.134,40.33463,-104.86848,1444.0,1380.7,0.1869594145043246,0.3214880621876735,-0.4975865687303252
24.4,5.54,19.4,17.7,0.254,0.255,44.96497,-89.13822,392.0,331.5,0.2746901239504198,0.5666507405637841,-0.4474474474474474
24.2,4.34,21.4,19.1,0.235,0.245,46.37517,-93.86214,380.0,344.3,-0.0658682634730539,-0.0987654320987654,0.2796208530805687
28.2,3.91,22.5,21.0,0.267,0.268,40.82034,-79.53143,279.0,237.1,0.0204962243797195,0.0183783783783783,0.2523191094619666
25.1,2.48,19.5,17.8,0.255,0.255,47.15966,-94.75393,392.0,373.5,0.0127659574468085,-0.0197802197802197,0.7389033942558747
29.3,1.31,23.0,21.0,0.187,0.19,42.37139,-71.27528,33.0,22.8,0.0864722896372884,0.270854770658702,-0.2177505330490405
31.8,2.57,27.2,24.9,0.283,0.286,36.56445,-93.47813,276.0,763.2,-0.1004784688995215,-0.1794871794871795,0.4606060606060606
28.7,2.67,26.2,25.0,0.201,0.213,39.26178,-75.2063,0.0,160.0,-0.025911286780852,-0.391304347826087,0.8321678321678322
31.4,3.43,26.9,25.6,0.169,0.168,35.99361,-92.70174,176.0,716.3,0.216538789428815,0.476054732041049,-0.4887720974677496
31.8,0.78,25.1,23.1,0.104,0.138,40.34873,-104.6778,1424.0,1395.9,-0.0117766003257756,0.1767967583706547,-0.3194660734149054
32.7,0.85,29.5,28.7,0.18,0.179,28.76871,-82.58325,17.0,190.5,0.4714003944773176,0.7881422924901186,-0.4811320754716981
32.1,1.31,29.8,29.1,0.19,0.185,28.55833,-82.675,0.0,215.5,-0.1099290780141844,-0.7405004633920297,0.8248974008207934
31.3,1.62,26.6,25.4,0.289,0.291,33.55163,-86.9674,165.0,351.1,-0.1428571428571428,0.1022530329289428,0.0618556701030927
27.5,0.2,19.9,17.8,0.066,0.104,40.10861,-106.41333,2258.0,1252.9,0.1424766977363515,0.408812729498164,-0.4500970873786408
24.0,0.38,16.9,15.5,0.097,0.14,48.63753,-116.8754,765.0,418.8,0.51440329218107,0.8095750403442711,-0.5606850335070737
30.2,9.34,29.9,29.0,0.394,0.398,29.53502,-94.9695,0.0,45.5,-0.020964360587002,-0.5112490302560124,0.8648648648648649
27.5,3.76,23.7,22.2,0.272,0.276,41.3263,-83.54396,204.0,300.6,0.0294266016478896,0.3401920438957476,-0.4276406465355218
23.7,5.57,18.7,17.6,0.23,0.233,47.629,-95.116,428.0,390.9,-0.0046801872074883,-0.2627450980392157,0.3892405063291139
26.1,2.2,20.6,18.6,0.134,0.146,46.50134,-101.86412,694.0,916.2,0.1738525730180806,0.517987557479037,-0.5151515151515151
29.4,6.16,24.4,22.9,0.19,0.195,40.37884,-74.94836,27.0,87.7,0.2467371037911746,0.6659316427783903,-0.4972972972972973
26.8,8.75,22.3,20.8,0.282,0.284,41.6057,-85.54302,268.0,171.2,0.215510812826249,0.5861526357199056,-0.1945426983324911
32.7,2.09,29.8,29.0,0.19,0.185,28.53169,-82.61811,17.0,215.8,-0.0591286307053941,0.2209080503624571,-0.1849056603773584
27.5,3.22,23.5,22.2,0.285,0.29,40.02858,-85.2999,325.0,268.2,0.3677717810331534,0.376425855513308,0.3704789833822092
29.3,3.76,24.4,23.2,0.291,0.294,39.524,-91.6478,181.0,418.6,-0.0252225519287833,-0.2484191508581752,0.6584564860426929
33.6,5.19,28.4,27.7,0.146,0.147,30.36111,-83.13528,36.0,137.9,0.3171296296296296,0.7397441552712837,-0.5616438356164384
32.7,2.16,26.5,25.1,0.204,0.209,36.20021,-78.88615,128.0,239.8,0.0775401069518716,0.3326885880077369,-0.3088092933204259
30.2,0.03,23.5,21.3,0.047,0.096,39.01852,-119.71295,1488.0,278.1,0.0467829577533737,0.164626472943599,-0.3314222712238148
25.0,0.38,18.9,16.9,0.203,0.198,48.40378,-93.68944,339.0,286.6,0.316017316017316,0.4808324205914567,-0.5023923444976076
28.8,0.99,22.5,20.7,0.145,0.161,45.00914,-106.83594,1049.0,1220.1,0.0411790203727785,-0.3620689655172414,-0.1091882983106716
31.9,0.04,24.0,21.8,0.123,0.161,40.92579,-111.90022,1285.0,954.4,0.1254295532646048,0.3389610389610389,-0.4416349151368202
27.9,0.15,19.8,17.4,0.087,0.108,40.41135,-111.32129,1954.0,942.9,0.1188405797101449,0.3899082568807339,-0.2747580044676098
24.1,5.35,20.8,18.3,0.224,0.239,44.92221,-85.88328,184.0,203.4,-0.0612244897959183,-0.4311926605504587,0.4545454545454545
25.3,0.25,17.3,15.8,0.083,0.116,40.22962,-106.0598,2590.0,1285.7,0.048087048087048,0.3897389738973897,-0.3754074074074074
34.7,6.2,29.6,29.2,0.17,0.173,27.34383,-82.15661,15.0,259.5,-0.0581311898952203,0.1737278637076888,-0.1406908171861836
33.3,7.44,28.6,28.1,0.165,0.166,28.82398,-81.39738,16.0,166.7,-0.0927487352445193,0.1145272867025365,-0.1521608385600137
28.5,3.28,23.5,21.9,0.177,0.182,39.99716,-77.73308,220.0,137.3,0.0634920634920634,0.248008497079129,-0.3955442393380012
27.0,1.42,21.8,20.2,0.255,0.259,44.92263,-93.60317,280.0,436.0,-0.0287539936102236,-0.1459074733096085,0.6577181208053692
31.0,0.0,21.5,19.1,0.058,0.088,40.49884,-123.09938,877.0,281.1,0.3673788431474726,0.7799927509967379,-0.5120292887029289
25.4,0.1,17.7,16.4,0.098,0.142,40.69911,-105.69196,2366.0,1338.4,0.0686346863468634,0.1675461741424802,-0.4018691588785046
32.2,7.0,29.6,28.9,0.175,0.18,30.53053,-86.50575,8.0,68.1,0.3006644518272425,0.6695447409733124,-0.525065963060686
29.7,0.01,22.7,20.5,0.054,0.109,46.66065,-120.47894,353.0,172.9,0.1258355129322871,0.3764510779436152,-0.4271797369702874
25.2,6.6,19.8,18.3,0.176,0.177,46.12222,-91.94946,299.0,251.4,-0.03770197486535,-0.3226544622425629,0.5470668485675307
27.4,2.76,22.8,21.0,0.204,0.209,41.11004,-74.39176,213.0,56.2,0.441016333938294,0.597517151257759,-0.5951233342784236
26.0,2.6,20.7,19.5,0.137,0.139,43.71404,-86.11174,263.0,251.5,0.2428778367938194,0.5151515151515151,-0.4616550469839345
27.9,2.72,22.3,20.7,0.152,0.164,42.97809,-71.07237,33.0,19.5,0.0664697193500738,0.2696456086286595,-0.2972111553784861
27.9,3.61,22.1,20.9,0.117,0.121,41.4731,-72.2606,89.0,146.6,0.1506486629600212,0.4183136899365367,-0.4026780516204153
24.5,1.06,17.1,16.1,0.111,0.151,47.02388,-122.78222,47.0,73.7,0.0070921985815602,-0.12,0.1294117647058823
29.0,2.26,24.6,23.4,0.134,0.152,40.29233,-74.03875,17.0,45.4,0.245757385292269,0.634703196347032,-0.477416440831075
27.9,3.18,23.4,22.0,0.283,0.287,41.11354,-83.112,241.0,321.1,0.0977713874910136,0.4028075184392101,-0.3436783160167319
27.1,0.22,18.3,17.2,0.147,0.179,42.9686,-122.93123,523.0,129.2,0.6805807622504537,0.8773519163763066,-0.7047210300429184
27.6,4.65,23.0,21.9,0.286,0.29,35.85129,-85.01321,548.0,579.2,0.4100558659217877,0.7373134328358208,-0.5999257747262943
24.8,1.4,23.8,20.6,0.309,0.325,44.60364,-87.9968,175.0,324.5,0.1483996120271581,-0.3046062407132243,0.8551532033426184
26.6,1.02,20.7,18.7,0.132,0.145,46.34096,-101.84853,675.0,919.6,0.1739130434782608,-0.2294117647058823,0.2719486081370449
29.9,3.51,26.0,24.8,0.141,0.155,39.08495,-75.46038,2.0,134.6,-0.0714285714285714,0.0184476157326836,0.077490774907749
26.4,2.24,21.3,19.5,0.223,0.224,42.87628,-74.60286,196.0,247.1,-0.0293229074106984,0.148235294117647,-0.0745794985718819
25.0,0.58,20.5,18.9,0.363,0.362,48.41333,-97.13722,240.0,539.7,0.0681185110154469,-0.0577752227651624,0.2780832678711704
35.9,0.29,29.4,27.5,0.057,0.106,35.30766,-106.56198,1539.0,1022.0,0.023170731707317,0.3125643666323378,-0.1222894432737407
31.9,0.0,26.1,24.0,0.046,0.097,39.52275,-119.75714,1345.0,305.6,0.0612592863232248,0.0974238875878219,-0.2652620205294435
35.0,0.06,29.8,27.6,0.044,0.103,38.74862,-108.25819,1493.0,1041.7,0.2479236614242798,0.5070079925865864,-0.4545095717387014
26.6,1.45,21.8,20.4,0.144,0.147,45.34166,-93.12722,270.0,376.3,0.0,-0.2110552763819095,0.2875
31.4,0.26,25.3,23.5,0.133,0.163,40.37024,-104.0318,1334.0,1384.0,0.1381163823323206,0.5217842323651453,-0.5344572611653357
30.9,4.56,26.5,25.1,0.258,0.263,36.367,-94.7261,265.0,744.0,-0.0029127344751252,0.1220805711371749,-0.2195723684210526
26.9,1.19,21.9,20.0,0.246,0.25,45.26067,-93.00069,267.0,377.1,0.0935550935550935,-0.217877094972067,0.6161137440758294
27.0,2.07,20.2,18.7,0.183,0.202,44.36561,-72.03926,155.0,167.9,0.273219814241486,0.5573886401131275,-0.5547445255474452
29.4,0.43,24.2,22.0,0.099,0.153,44.07751,-115.96244,933.0,627.7,0.1169865990583122,0.0626682045367166,-0.1186094069529652
33.1,2.41,27.5,26.3,0.282,0.284,35.41011,-93.83786,126.0,651.6,-0.0140350877192982,0.2103825136612022,-0.2939136466100225
27.2,0.15,18.9,16.4,0.079,0.108,40.48225,-111.64709,1955.0,930.2,0.0419274831699539,0.0616541353383458,-0.1812080536912751
25.4,3.56,19.8,18.4,0.211,0.22,46.64324,-94.81356,404.0,396.1,0.354679802955665,0.6009139375476009,-0.6943169784680551
27.4,2.93,23.0,21.7,0.286,0.291,40.70379,-85.5688,266.0,202.8,0.4912621359223301,0.8141843971631205,-0.5638859556494192
32.6,2.17,30.8,30.3,0.149,0.151,27.94098,-82.80114,13.0,283.3,0.4498381877022653,0.7532656023222061,-0.6307053941908713
33.8,9.64,31.3,30.8,0.123,0.121,26.86605,-82.24541,4.0,235.8,0.3081761006289308,0.4904576616638873,-0.5383767903048109
26.3,3.59,23.1,21.4,0.255,0.26,44.19017,-93.8015,313.0,510.6,0.3140150459738088,0.5951323795428384,-0.5031789865776123
33.8,5.23,30.2,29.7,0.152,0.154,28.13769,-82.62977,17.0,256.8,0.1782945736434108,-0.0816326530612244,-0.2575757575757575
25.6,3.0,21.6,20.1,0.227,0.231,43.74805,-92.9158,376.0,490.2,0.2203488372093023,0.6922547332185887,-0.5035563592525618
27.8,2.38,22.8,21.2,0.195,0.197,40.86851,-74.5172,196.0,47.4,0.282453637660485,0.6071846934791097,-0.5091659028414299
20.0,0.38,16.7,16.5,0.149,0.191,48.76786,-122.66188,0.0,132.6,0.3907910271546635,0.4860557768924303,0.5437881873727087
31.9,7.62,28.4,27.7,0.172,0.175,30.42803,-86.66747,15.0,51.2,0.2179034157832744,0.6210045662100456,-0.3624382207578254
25.8,1.03,22.6,21.0,0.091,0.155,44.12259,-115.34985,1401.0,662.3,0.4026447788417692,0.7586588061901253,-0.4154744525547445
25.8,1.98,20.0,18.3,0.25,0.251,44.6213,-89.173,311.0,349.0,0.0623864324651726,0.4363735663571819,-0.3654492493838225
26.3,3.59,22.6,20.2,0.222,0.224,45.31028,-95.12841,371.0,492.2,0.3341645885286783,0.6835555555555556,-0.4651741293532338
21.3,0.75,15.9,15.1,0.199,0.225,47.38647,-121.8462,311.0,41.5,0.433112582781457,0.8245901639344262,-0.4703328509406657
35.7,0.0,30.5,28.9,0.092,0.251,36.16686,-120.36498,217.0,262.6,0.1578070784177654,0.2628765792031098,-0.2862453531598513
30.1,6.71,25.4,23.8,0.175,0.177,39.07926,-76.72689,41.0,30.9,0.2413223140495868,0.6734839053885826,-0.6267227283345013
25.1,2.91,20.6,19.0,0.265,0.268,45.76142,-93.94688,356.0,388.9,0.2273135669362084,0.6034429757147248,-0.499804151978065
34.4,2.43,29.4,28.7,0.091,0.089,29.36223,-82.53503,28.0,131.8,0.2199762187871581,0.6024242424242424,-0.5819875776397515
33.1,8.23,29.4,29.0,0.175,0.176,26.54771,-81.75988,11.0,176.5,0.4280338664158043,0.7385508492797248,-0.634610372686995
28.3,0.38,18.7,17.4,0.194,0.214,46.04643,-115.86507,537.0,519.0,0.3525291828793774,0.7220180420982292,-0.4452117863720073
29.1,5.88,25.0,23.8,0.296,0.299,38.53052,-87.03352,150.0,355.7,0.143843498273878,0.0606060606060606,-0.1452111225540679
25.1,1.53,18.9,16.5,0.115,0.114,47.9348,-91.7847,397.0,140.5,0.0383747178329571,-0.2456140350877192,0.4368231046931408
28.5,2.98,24.2,22.7,0.269,0.274,39.9153,-83.8517,276.0,372.6,0.0900572618427902,0.5494845360824743,-0.3033707865168539
34.2,0.0,30.9,29.8,0.03,0.08,34.835,-118.21583,722.0,93.2,0.0374972589722973,0.0438571013650885,-0.2213638785295684
20.8,0.37,15.4,16.3,0.117,0.166,48.40751,-122.55445,-2.0,91.8,0.0935849056603773,0.2753054759390557,-0.1476332922752067
27.9,0.05,22.1,20.0,0.064,0.124,43.39329,-113.11264,1546.0,854.4,0.0566572237960339,0.1823204419889502,-0.4978177150192555
22.7,0.0,18.9,18.5,0.229,0.235,37.804,-122.257,-2.0,21.4,-0.0168067226890756,-0.5220125786163522,0.5407725321888412
34.7,0.0,30.9,29.9,0.031,0.083,34.52941,-117.27702,838.0,110.9,0.0946789907569323,0.1992929739284136,-0.3461538461538461
29.7,2.79,24.8,23.5,0.283,0.287,38.18989,-91.944,258.0,537.9,0.193806727175654,0.3477321814254859,-0.4486174164259183
33.2,13.7,31.1,30.0,0.172,0.177,28.14036,-81.35196,17.0,242.5,0.1848958333333333,0.1669993346640053,-0.5376791493296348
40.9,0.1,35.7,34.1,0.043,0.1,32.72486,-114.7168,33.0,232.3,-0.1952506596306068,-0.1807124239791485,0.2493320692924243
27.8,0.89,24.2,22.8,0.268,0.275,41.0325,-97.40472,498.0,821.1,0.0169154228855721,0.2111146598530821,-0.354688021354688
26.7,3.0,22.9,21.2,0.189,0.197,43.76942,-94.19525,309.0,567.0,-0.1840833023428784,0.0651790957134468,0.0158293186510667
27.3,4.87,23.3,22.1,0.289,0.293,40.10888,-86.79304,232.0,189.5,0.248081841432225,0.606951871657754,-0.391304347826087
27.3,7.08,23.3,22.1,0.289,0.294,40.2726,-86.90314,222.0,169.2,-0.0644732067255352,0.153194765204003,-0.1309204167114166
33.0,6.85,28.1,27.5,0.163,0.165,30.5966,-85.38734,56.0,175.0,-0.1473684210526315,-0.1720430107526881,0.3491379310344827
35.2,1.66,28.2,27.6,0.162,0.163,29.73379,-81.83774,38.0,64.3,0.4821428571428571,0.7796771130104464,-0.6259963212752913
33.3,8.58,28.8,28.6,0.193,0.197,25.85185,-80.98065,9.0,78.3,0.2650523560209424,0.6120228018656072,-0.4517533807013523
26.0,5.38,21.4,19.8,0.161,0.163,46.29214,-95.74807,404.0,477.3,0.0007434944237918215,-0.1313131313131313,0.4050121261115602
21.8,4.18,19.0,18.0,0.291,0.292,35.5842,-83.5472,1301.0,456.4,0.43428328370906,0.7318548387096774,-0.5948568655992237
26.1,5.81,20.7,19.1,0.262,0.265,41.60201,-79.05004,388.0,144.9,0.2552438027785345,0.4513345374272526,-0.5018988606835898
28.7,3.93,22.4,23.3,0.157,0.163,41.14786,-73.30736,25.0,76.6,0.0549152542372881,0.495110467222021,-0.450313339301701
27.3,8.5,23.5,22.2,0.291,0.296,40.01298,-85.73842,263.0,244.3,0.4758246723904202,0.7845468053491828,-0.5210981189628876
22.0,0.67,20.0,17.8,0.075,0.12,43.76932,-114.28033,1947.0,754.1,0.0314307266784008,0.1332133213321332,-0.2049300188009191
20.6,0.49,16.4,14.9,0.123,0.181,44.33657,-115.44028,2005.0,642.1,0.2103386809269162,0.6332022355619954,-0.1963506545021816
28.5,0.09,23.4,21.5,0.063,0.132,43.56675,-112.93486,1497.0,854.9,0.0289467282899537,0.034816247582205,-0.140552432168174
29.3,3.26,23.9,22.5,0.214,0.216,40.74444,-74.35361,54.0,30.2,0.0030421555845284,0.1509992598075499,-0.1845881659131118
25.7,4.54,21.7,20.2,0.275,0.278,43.58444,-88.93418,271.0,236.2,0.1716621253405994,-0.3797276853252647,0.8715814506539834
30.4,9.02,26.3,25.0,0.262,0.267,36.21611,-94.60528,297.0,728.3,0.1407185628742515,0.4538534728829686,-0.5488921713441655
20.8,0.37,15.3,16.2,0.117,0.166,48.40654,-122.54918,12.0,91.6,0.5058692006707658,0.7913125590179415,-0.5377392560491152
26.1,3.94,20.5,18.9,0.273,0.277,43.60288,-88.10068,285.0,215.5,0.3740085417937767,0.5974892114554727,-0.5619771863117871
25.0,2.73,19.7,18.2,0.258,0.258,46.70754,-94.11914,373.0,344.6,-0.0317460317460317,-0.1659192825112107,0.4983277591973244
21.4,0.77,17.0,17.7,0.123,0.18,48.75406,-122.50135,0.0,129.2,-0.0096745822339489,0.2743362831858407,0.0861788617886178
26.1,0.05,20.9,19.2,0.044,0.103,38.93138,-106.19913,2651.0,1208.5,0.0627166014533258,0.228560912771439,0.2609197296851821
24.8,3.29,21.8,19.1,0.256,0.258,46.58616,-94.11946,364.0,350.4,0.0393700787401574,-0.1806451612903225,0.6050632911392405
26.8,1.11,21.9,20.2,0.257,0.26,43.04927,-84.83747,218.0,182.0,0.2975734355044699,0.6115819209039548,-0.5832992222677036
25.3,0.11,20.5,18.1,0.079,0.118,43.49143,-113.99266,1697.0,791.3,0.0896170548756415,0.3223626212165736,-0.4520197988184576
32.9,0.0,25.4,23.8,0.069,0.103,37.94227,-121.5337,1.0,86.3,-0.0697674418604651,-0.2395209580838323,0.17162471395881
32.4,2.85,31.4,31.3,0.174,0.177,25.89769,-80.18256,7.0,11.0,0.2640750670241287,0.2571041948579161,-0.3710548763150412
32.1,0.13,26.0,24.2,0.073,0.144,40.33662,-111.7768,1372.0,910.8,-0.0788741107330652,0.0825881115202525,0.1357498223169864
21.8,0.08,15.0,13.8,0.144,0.189,39.90851,-105.73542,3001.0,1293.6,0.1738351254480286,0.1863908226296695,0.5130853994490359
30.3,0.06,24.6,21.8,0.064,0.113,41.58889,-112.11361,1285.0,982.6,0.0771491550330639,-0.3787047200878156,0.2928031547814656
28.5,2.16,23.2,21.7,0.208,0.212,40.91904,-75.06601,138.0,93.0,0.2113910186199342,-0.2265758091993185,0.6030534351145038
32.5,2.59,27.5,26.9,0.175,0.178,34.77486,-77.15383,-3.0,93.6,-0.0928270042194092,0.0389610389610389,-0.3361462728551336
30.3,3.77,24.7,23.4,0.289,0.292,38.55589,-90.55116,148.0,430.3,0.3938931297709924,0.6921287320666926,-0.5977830562153602
27.7,0.34,19.5,18.2,0.103,0.119,43.43147,-123.30365,128.0,119.8,0.1879049676025918,0.5756207674943566,-0.2629612330686595
31.6,1.41,25.7,24.1,0.173,0.176,38.11778,-77.94111,76.0,119.5,0.1168639053254437,-0.2908108108108108,0.6705653021442495
32.1,1.31,29.8,29.1,0.19,0.185,28.54167,-82.65833,0.0,216.4,-0.0451612903225806,-0.4953846153846153,0.5422222222222223
26.7,4.23,21.8,20.3,0.207,0.21,44.15725,-96.02264,512.0,629.4,0.2269543432690833,0.5847066578773896,-0.4503992298002175
26.8,2.42,22.3,20.7,0.227,0.23,44.25948,-94.52128,292.0,539.2,0.2424242424242424,-0.2948207171314741,0.7344
35.7,0.83,31.6,30.2,0.135,0.175,32.81206,-98.97507,360.0,484.9,-0.0584599081596609,-0.4773949868375872,0.7448508105568172
24.4,7.52,21.0,19.8,0.226,0.229,39.66814,-79.17809,661.0,206.0,0.3548387096774194,0.631236442516269,-0.6116700201207244
17.8,0.65,14.9,14.5,0.264,0.271,46.84108,-123.99445,3.0,71.7,0.4204476709013914,0.7153891859774213,-0.522898657347802
27.5,8.28,22.8,21.6,0.313,0.316,41.71175,-87.85651,210.0,21.3,0.2138939670932358,0.510250569476082,-0.5460263007432818
28.6,0.1,23.0,21.1,0.066,0.134,43.54791,-112.91733,1499.0,857.2,0.0615429066743715,0.1416490486257928,-0.3796074676878889
28.9,0.01,23.4,21.5,0.056,0.118,46.68921,-120.44615,437.0,172.9,0.0999326296878508,0.2653958944281525,-0.3688558446922759
31.9,4.92,28.7,28.3,0.18,0.182,28.97309,-80.89354,3.0,166.9,0.2049689440993788,0.6307692307692307,-0.3587347232207045
32.7,1.16,29.0,27.3,0.089,0.129,34.34628,-103.21378,1278.0,899.3,0.1549482036588053,0.217391304347826,-0.5283730341212177
22.7,2.2,21.0,20.7,0.223,0.227,41.99471,-70.64654,0.0,53.7,-0.1395348837209302,-0.1666666666666666,0.840531561461794
23.7,1.1,15.3,13.8,0.113,0.133,38.90966,-107.02836,2730.0,1145.2,-0.0017521902377972,-0.0425268642136112,0.7720489977728285
30.5,3.33,25.6,24.4,0.185,0.2,38.44143,-75.55565,17.0,135.4,0.355688622754491,0.6643792888334373,-0.6364846870838882
27.5,6.99,24.3,22.6,0.284,0.286,39.65342,-85.00969,235.0,315.4,0.336890243902439,0.6385542168674698,-0.4952164009111617
35.1,0.02,30.2,29.1,0.03,0.083,34.76415,-117.92618,722.0,91.6,0.013958788339189,0.1202982039986445,-0.3146876570088762
32.5,3.13,30.8,30.3,0.145,0.178,28.89167,-82.74167,0.0,186.2,-0.1137254901960784,-0.5351351351351351,0.8076923076923077
34.0,0.0,28.0,26.2,0.065,0.111,37.08978,-120.31767,64.0,208.2,0.0653936803419486,0.19337118164893,-0.3979894528675016
28.8,0.23,22.8,21.0,0.059,0.127,38.48495,-107.077,2289.0,1117.6,-0.0313075506445672,-0.1740041928721174,0.3371212121212121
27.5,0.31,22.8,20.2,0.062,0.098,46.31469,-117.98004,486.0,357.6,0.0947136563876652,0.2621184919210054,-0.3416614615865084
27.4,1.35,22.4,21.2,0.14,0.145,41.33494,-72.18819,6.0,154.0,0.2704663212435233,0.4508580343213728,-0.3867069486404834
33.4,16.71,29.7,28.7,0.175,0.178,28.64865,-81.17792,11.0,190.4,0.3112582781456953,0.6865896534404822,-0.5451285116557083
32.3,8.77,27.6,26.6,0.285,0.288,30.99866,-87.163,24.0,66.7,0.0163842599075759,0.1162556618017111,-0.130656108597285
35.8,9.31,30.2,29.1,0.175,0.177,28.5014,-81.5206,27.0,200.7,-0.1111111111111111,-0.5333333333333333,0.6238244514106583
31.6,5.05,28.8,27.8,0.272,0.275,30.14523,-95.12461,25.0,56.2,0.0013233348037053,0.0931909212283044,-0.1848492931448386
25.8,0.77,21.1,19.8,0.163,0.178,43.2504,-70.5911,0.0,30.1,-0.1072124756335282,-0.4947368421052631,0.7636122177954847
28.9,6.22,24.8,23.4,0.287,0.292,39.9933,-82.8592,239.0,441.5,0.4571703561116458,0.7979942693409742,-0.4041170097508125
27.4,0.12,23.9,22.1,0.048,0.098,36.84422,-106.57861,2334.0,1073.1,0.1097683786505538,0.3165829145728643,-0.3940724478594951
27.9,5.81,22.9,21.5,0.272,0.277,41.05986,-82.40979,307.0,330.5,0.115728436820488,0.4645208485735186,-0.3329712112982075
26.1,2.2,20.6,18.6,0.134,0.146,46.48623,-101.85799,689.0,916.1,0.0,0.248695652173913,-0.3562364593005261
27.6,6.44,23.7,22.2,0.273,0.278,40.4515,-82.9015,302.0,394.7,0.0506454816285998,0.394169835234474,-0.3381081748579896
29.6,1.41,24.5,22.4,0.147,0.16,43.21305,-98.41786,435.0,842.6,0.4227290601651592,0.1420222092343658,-0.3009057363300906
28.0,10.4,23.6,22.5,0.296,0.299,39.99605,-87.37145,173.0,190.4,0.3409538825384312,0.6454622561492791,-0.5785032200755053
28.3,7.28,23.9,22.7,0.296,0.3,39.51612,-87.2673,176.0,244.5,0.2734761120263591,0.4185893210283454,-0.4665863937387116
29.9,2.98,25.1,23.8,0.288,0.292,34.585,-83.518,397.0,389.1,0.4819451131439576,0.7333994053518335,-0.6325187969924813
32.6,2.02,29.5,29.1,0.177,0.178,27.04968,-80.11411,0.0,139.2,-0.1407407407407407,-0.5197368421052632,0.4899817850637523
25.6,5.9,20.8,19.3,0.268,0.271,40.8767,-78.8094,452.0,225.1,0.4286945282205945,0.6820906257492209,-0.5956204379562043
24.3,2.21,18.0,16.0,0.211,0.21,47.55283,-92.28106,416.0,182.2,-0.0314465408805031,-0.1468531468531468,0.1272727272727272
26.3,1.93,21.5,19.9,0.365,0.367,46.97695,-96.82026,267.0,530.3,0.2176100628930817,0.3104212860310421,-0.2369230769230769
30.7,1.01,25.1,23.7,0.083,0.092,40.9735,-102.2511,1052.0,1224.4,0.1001809339270361,0.2625707489131327,-0.3038617886178862
24.1,5.55,19.0,17.8,0.173,0.177,45.90941,-86.70229,189.0,196.2,0.2454545454545454,0.7144261489309413,-0.5281887245101959
34.3,10.59,31.1,30.4,0.184,0.188,28.4125,-81.271,21.0,214.0,-0.0824742268041237,-0.3291139240506329,0.216589861751152
24.6,0.21,17.1,15.0,0.116,0.146,42.97194,-111.8264,1897.0,966.3,0.2518256772673733,0.5287833827893175,-0.5450934235692217
35.3,0.05,30.2,27.9,0.043,0.109,39.14955,-108.69179,1389.0,1030.6,0.2830009496676163,0.5866411168902272,-0.5301919720767888
27.8,1.38,23.7,22.4,0.293,0.295,39.28491,-85.12174,294.0,340.6,0.4481268011527377,0.6994899960768929,-0.5849056603773585
30.0,0.0,29.2,27.8,0.03,0.085,34.35628,-117.35519,1071.0,95.5,0.1243781094527363,0.1624745071380013,-0.4139759036144578
27.1,4.55,21.7,20.2,0.258,0.262,43.12444,-89.71159,253.0,234.8,0.3492636843567657,0.5862190812720848,-0.5624652970571904
29.8,1.45,28.1,27.3,0.136,0.209,21.3425,-157.88445,13.0,3847.9,0.0848798296318831,0.1100591715976331,-0.2721485411140583
29.6,1.29,25.2,25.1,0.105,0.127,39.42242,-74.50786,2.0,148.5,-0.0570902394106814,-0.1690427698574338,-0.017094017094017
28.3,4.36,23.5,22.0,0.202,0.204,40.1128,-75.8617,184.0,166.5,0.028125,-0.3610503282275711,0.8213592233009709
21.2,1.25,16.7,15.3,0.146,0.205,44.93831,-115.32049,1884.0,612.4,0.3597597597597597,0.6898457957521094,-0.2917176662586699
29.5,8.76,24.9,23.6,0.296,0.3,38.0945,-87.0367,119.0,403.8,0.2306042188058634,0.366686286050618,-0.4272
33.4,5.02,28.0,26.4,0.261,0.263,34.30849,-78.49983,18.0,56.4,0.0108789500949749,0.0944896115627823,0.0959312320916905
25.8,7.18,21.4,19.8,0.161,0.163,46.31173,-95.72948,402.0,475.1,-0.0255255255255255,-0.1430962343096234,0.4368463395012067
31.5,2.94,27.6,26.2,0.171,0.171,35.02575,-90.12008,91.0,534.1,0.2489296636085627,0.5721751248403205,-0.521756072217171
35.1,0.01,30.9,28.5,0.039,0.082,37.26169,-113.10719,1235.0,593.0,0.1445480631276901,0.2491736187627892,-0.4253826530612244
31.7,0.0,21.7,20.0,0.084,0.116,39.04194,-122.98083,477.0,144.3,0.2653992395437262,0.5851668477025286,-0.5697966643819969
33.5,8.83,30.9,30.1,0.179,0.182,27.87719,-81.46708,29.0,263.0,-0.1675126903553299,-0.5333333333333333,0.3665158371040724
26.0,1.42,20.1,18.8,0.105,0.108,43.39511,-72.08133,350.0,101.2,-0.1240799158780231,0.1298331298331298,-0.0352446081009994
30.2,1.36,31.2,30.8,0.162,0.164,26.59028,-82.17201,0.0,215.5,-0.0893760539629005,-0.4104803493449782,0.7810413885180241
27.0,2.58,22.0,20.3,0.183,0.187,43.95804,-96.21152,514.0,655.7,0.1677675033025099,0.4714765100671141,-0.5738108255877529
28.3,9.25,24.1,22.9,0.293,0.297,39.67372,-86.2472,211.0,252.5,0.3698996655518394,0.6066805845511483,-0.5473306415432929
29.2,1.44,22.9,23.3,0.258,0.266,40.90356,-73.54336,0.0,44.6,-0.1296043656207367,-0.0272952853598014,0.2129514321295143
28.6,0.05,24.0,22.0,0.052,0.106,47.13425,-119.23665,364.0,236.4,0.054410743227599,0.0232001913417842,-0.1817858413376022
28.5,1.76,22.9,20.6,0.173,0.179,42.36966,-73.78882,5.0,186.5,0.2511627906976744,0.5798173118747282,-0.3827859569648924
33.2,2.15,28.2,26.9,0.222,0.228,35.48472,-77.99583,37.0,143.1,0.1359894632861376,0.4080757951725693,-0.5258442453480359
26.7,5.78,20.0,22.9,0.217,0.232,41.14361,-72.29945,7.0,151.2,0.3643031784841076,0.7161572052401747,-0.5684286748732802
37.6,1.15,33.1,31.5,0.056,0.092,31.56211,-111.04597,1002.0,593.0,0.1721262656343061,0.5598201279371714,-0.3730204159511543
22.9,2.38,17.7,16.7,0.241,0.24,47.70722,-90.5225,189.0,51.2,0.1819911223842739,0.4207453973955994,-0.4252619966905681
32.9,6.0,29.4,28.4,0.293,0.343,29.48856,-99.70478,374.0,293.0,0.1244668476153547,0.1325393776411832,-0.0685483870967741
29.3,0.13,21.7,19.6,0.087,0.135,42.68522,-113.50894,1271.0,878.9,-0.0327272727272727,0.1419939577039275,-0.1500600240096038
31.8,5.12,28.5,26.8,0.234,0.235,35.09037,-90.02509,74.0,539.6,0.1851203501094092,0.4890931540677734,-0.4886653655607266
30.7,8.65,26.2,24.9,0.262,0.267,36.19893,-94.58356,310.0,726.6,-0.0652930530419045,0.1713233701537795,-0.2022877035931866
33.9,2.22,29.4,27.9,0.229,0.233,32.85235,-95.52903,121.0,350.7,0.0719602977667493,-0.2064516129032258,0.5314285714285715
29.3,2.62,24.6,23.4,0.258,0.265,35.87951,-81.93649,549.0,390.1,0.1163682864450127,0.3496470588235294,-0.4214112991866344
25.9,3.54,23.1,20.6,0.301,0.313,44.15277,-88.79667,226.0,289.6,0.1964912280701754,-0.1855047454702329,0.7963558413719185
24.9,1.62,17.9,18.8,0.174,0.199,43.7338,-69.8067,0.0,113.0,-0.0722733245729303,-0.7035490605427975,0.6842105263157895
23.7,1.3,19.8,17.1,0.277,0.28,46.91751,-90.84155,195.0,130.2,0.3929313929313929,0.7508532423208191,-0.5515981735159817
18.1,1.2,14.7,13.7,0.118,0.143,48.30814,-121.65667,614.0,92.2,0.5595667870036101,0.8876611418047882,-0.4935205183585313
27.9,3.15,22.6,21.2,0.269,0.272,39.8539,-80.3297,318.0,305.2,0.1258134490238611,0.3235417540914813,-0.4269216889209671
30.7,2.09,25.9,24.7,0.29,0.292,33.09692,-85.79893,250.0,327.8,0.1564356435643564,0.5617283950617284,-0.4153577661431064
22.8,0.33,17.2,15.7,0.132,0.132,47.95993,-89.73235,347.0,14.2,0.3065573770491803,0.6113918236104732,-0.5735632183908046
21.5,0.0,15.4,16.7,0.137,0.151,37.97831,-122.73561,138.0,28.6,0.4367864693446088,0.7976913730255164,-0.5177772545326113
29.4,6.31,24.7,23.3,0.276,0.277,38.47516,-85.85511,168.0,388.1,0.223264540337711,0.0095693779904306,-0.3545647558386411
25.8,1.65,22.1,19.8,0.267,0.268,45.92956,-95.38427,412.0,470.5,-0.0065368535329037,-0.0413980582524272,0.5286669011607457
28.4,8.62,24.4,23.0,0.202,0.207,42.39222,-83.29583,187.0,180.4,0.2976459206707513,0.6286445012787724,-0.4813999559762271
27.2,10.87,23.6,22.3,0.29,0.294,39.72955,-84.91488,304.0,315.0,0.4379977246871445,0.7686182669789228,-0.5317073170731708
32.4,8.33,28.7,27.3,0.299,0.302,30.72398,-88.05912,3.0,89.8,0.0241437394722066,0.0125,-0.1954751131221719
32.1,3.14,28.3,26.8,0.242,0.249,35.23712,-97.41261,373.0,644.0,0.0440677966101694,0.1730205278592375,-0.22007722007722
30.1,14.92,26.2,24.9,0.295,0.298,37.07319,-94.74072,244.0,800.3,0.2991875662310138,0.5485779294653015,-0.5124133303511519
26.1,3.33,21.1,19.4,0.092,0.095,42.77419,-72.0364,309.0,94.5,-0.0521541950113378,-0.2242744063324538,0.4922737306843267
25.1,3.08,19.2,17.4,0.222,0.225,46.77718,-93.15639,372.0,275.3,-0.0189274447949526,0.2117144600366076,-0.2916525853328827
26.4,8.16,22.1,20.5,0.262,0.263,42.28286,-85.16761,266.0,211.2,0.2945686900958466,0.4938101788170564,-0.5238685678859268
28.9,2.89,22.8,20.9,0.183,0.187,42.48308,-71.26128,40.0,23.3,0.3849184633906096,0.5891061963078047,-0.659855591081373
27.5,3.9,23.1,21.9,0.224,0.226,35.26562,-82.451,762.0,361.1,0.4475374732334047,0.7667269439421338,-0.5776019476567255
23.8,0.2,18.8,16.5,0.1,0.117,40.57144,-110.70268,2468.0,992.0,-0.037037037037037,-0.1128775834658187,0.6341463414634146
32.3,0.08,29.7,27.4,0.04,0.095,39.61307,-119.3034,1249.0,342.9,0.3404927353126974,0.2844413982179575,-0.4500696702275894
24.4,4.38,19.6,17.8,0.247,0.248,46.12014,-93.55061,382.0,340.2,0.1675367821547223,0.3605541378053226,-0.5157402410505486
29.9,13.76,26.0,24.7,0.293,0.296,37.1812,-94.47372,271.0,774.7,0.420582986317668,0.6141045958795562,-0.5533900062201949
27.3,1.86,22.4,20.7,0.205,0.209,41.19171,-74.31579,191.0,60.8,-0.1071428571428571,-0.5897435897435898,0.8403361344537815
32.0,1.61,30.9,30.5,0.154,0.157,25.52643,-80.30706,0.0,22.1,-0.2127659574468085,-0.9404255319148936,0.9133333333333332
33.5,9.19,28.2,27.6,0.157,0.159,30.32595,-84.14791,21.0,235.0,0.4548789435069699,0.7540956478570247,-0.5927601809954751
26.6,3.99,21.1,19.4,0.212,0.214,41.3361,-75.34,385.0,132.8,0.324880247957171,0.5838110126802154,-0.5722522522522523
32.0,3.53,26.2,25.0,0.284,0.285,33.32586,-86.94863,158.0,326.2,0.3200802480393945,0.570704744357439,-0.5202503433215516
17.1,0.6,17.7,17.0,0.24,0.247,41.29929,-124.05118,16.0,170.9,0.1803666469544648,0.5602094240837696,-0.3580605055946954
25.0,0.16,16.8,14.9,0.164,0.186,42.51393,-111.32649,1989.0,1029.4,0.4288913773796192,0.738863287250384,-0.4790170132325141
26.8,3.65,21.8,20.1,0.23,0.231,45.12074,-93.83403,281.0,431.3,0.2536585365853658,-0.2803347280334728,0.4850299401197604
33.1,3.09,27.5,26.0,0.187,0.191,35.33205,-79.40977,149.0,186.7,0.0121457489878542,-0.1040723981900452,-0.0151515151515151
24.4,0.58,16.8,15.8,0.106,0.146,47.00313,-122.90304,30.0,80.5,0.388829215896885,0.7783404752629529,-0.5051353874883286
26.8,2.49,22.5,21.0,0.277,0.279,41.33259,-85.38535,274.0,188.9,0.2843691148775895,0.2475247524752475,-0.192090395480226
25.8,1.89,22.1,20.0,0.272,0.276,43.16199,-88.38418,279.0,174.8,0.1512363427257044,0.4459459459459459,-0.3666666666666666
27.2,1.02,20.3,18.7,0.068,0.11,34.43296,-112.42019,2098.0,482.9,0.2761578044596912,0.5247747747747747,-0.496410822749862
29.9,0.01,20.1,18.1,0.06,0.096,40.45491,-123.20673,927.0,282.0,0.5640224859462836,0.8320096269554753,-0.6265060240963856
27.3,4.59,22.1,20.5,0.208,0.214,44.22184,-96.80854,477.0,671.4,0.2065530219172016,0.4709963099630996,-0.5688010899182562
27.7,2.55,21.8,20.4,0.083,0.086,43.33919,-70.99713,73.0,27.7,0.0788772792460561,0.2895069532237674,-0.3009327442317133
30.5,0.0,22.1,19.7,0.088,0.14,41.25439,-111.78966,1490.0,989.0,0.0246305418719211,-0.4721189591078067,0.6941649899396378
33.7,3.96,30.8,30.3,0.164,0.167,26.94415,-82.05183,0.0,224.1,0.0761154855643044,-0.2350877192982456,-0.0122448979591836
32.8,6.36,30.5,29.3,0.291,0.338,29.86857,-98.18766,241.0,242.5,0.3485714285714286,0.5032679738562091,-0.4870967741935484
24.7,5.92,19.4,17.8,0.251,0.251,46.7512,-95.0986,419.0,412.0,0.0117647058823529,-0.1351351351351351,0.1581920903954802
25.9,3.13,21.4,21.2,0.138,0.143,41.55324,-70.58861,0.0,100.1,0.1076252723311546,0.3132126089872569,-0.3511884834281888
25.1,4.06,22.8,21.0,0.315,0.325,42.89118,-87.83767,175.0,133.9,-0.2075471698113207,-0.4382022471910112,0.8127208480565371
28.7,4.2,24.3,23.0,0.277,0.283,41.33835,-96.32448,344.0,727.2,0.1853184598776538,0.5679389312977099,-0.5094633969594339
29.3,3.95,24.6,23.4,0.085,0.088,40.27662,-74.2821,41.0,52.8,0.0015898251192368,0.1289875173370319,0.2364597093791281
27.6,2.12,22.6,21.0,0.207,0.21,41.14706,-74.70272,146.0,77.2,0.0673515981735159,0.4540594721015703,-0.4806849860613301
25.3,3.21,17.5,18.4,0.175,0.179,44.4142,-68.2501,7.0,115.2,0.035063113604488,-0.3815261044176707,0.382648401826484
26.7,2.17,21.5,19.3,0.201,0.209,43.7548,-73.2726,153.0,205.0,-0.0128205128205128,-0.0463576158940397,0.5076142131979695
27.8,3.77,23.7,22.3,0.256,0.256,39.55772,-85.16755,228.0,314.4,0.4190398698128559,0.5299539170506913,-0.5836081017428167
24.8,0.21,17.3,15.2,0.09,0.107,37.9411,-111.6988,2704.0,737.9,0.2844759653270292,0.6347546259050684,-0.396078431372549
27.0,2.49,22.4,21.3,0.134,0.139,41.33582,-72.59236,26.0,137.6,0.2304038004750593,0.6313993174061433,-0.5358764759309719
34.7,3.8,30.5,30.1,0.176,0.18,27.94183,-82.45854,5.0,272.4,0.283072546230441,0.070110701107011,-0.2606896551724137
25.1,7.35,20.4,18.7,0.337,0.336,48.49228,-96.95503,244.0,526.9,-0.0265873497632633,0.0878101402373247,-0.1022179363548698
25.0,3.61,20.0,18.7,0.126,0.13,42.94906,-72.09897,405.0,98.9,0.0068965517241379,-0.0310262529832935,0.3807339449541284
29.2,0.48,20.2,18.7,0.121,0.151,46.13005,-115.94813,411.0,509.6,0.1210468920392584,0.2851441241685144,-0.2685873605947955
28.5,1.75,23.3,21.8,0.189,0.192,40.41833,-74.78722,137.0,73.5,0.2414553472987872,0.5567962207429675,-0.5175267770204479
34.2,5.87,29.2,28.8,0.176,0.178,27.30934,-82.11332,24.0,253.7,0.4308641975308642,0.7702466982307501,-0.608887381275441
23.9,4.64,21.6,19.6,0.166,0.172,45.05542,-87.30291,175.0,282.9,0.032258064516129,-0.1278195488721804,0.4390243902439024
33.2,0.13,25.0,23.1,0.087,0.124,38.4871,-105.374,1748.0,1246.5,0.1659716430358632,0.3800371977681339,-0.3613333333333333
17.6,0.82,14.8,14.6,0.268,0.276,44.89859,-123.97375,46.0,145.0,0.4861209964412811,0.8701672361086136,-0.4508474576271186
27.9,2.81,22.9,21.6,0.179,0.207,41.4324,-72.8321,17.0,127.4,0.2457564575645756,0.3644278606965174,-0.4255825011887779
29.8,5.08,27.0,25.9,0.182,0.213,39.99201,-74.97606,14.0,114.2,0.3358739837398374,0.7362526485722934,-0.5440016184503337
26.6,3.82,22.3,20.7,0.161,0.167,43.71357,-95.53252,460.0,637.9,0.2895256916996047,0.6083877995642701,-0.5514809590973202
25.0,3.22,19.6,18.0,0.264,0.265,46.12526,-93.22154,341.0,319.9,-0.1061305207646671,0.1060202450719232,-0.1152390780873753
27.8,0.15,19.2,17.3,0.092,0.133,37.3068,-107.47125,2357.0,1022.7,0.1018018018018018,0.3920731707317073,-0.4342835986671603
34.1,9.04,31.0,29.7,0.176,0.181,28.01661,-81.37168,15.0,255.9,0.1555555555555555,0.0379746835443038,0.3108108108108108
26.0,1.77,20.7,19.2,0.184,0.191,47.35671,-97.99827,384.0,609.6,0.3808653260207191,0.3396165095872603,-0.5844998985595455
26.9,4.85,22.9,21.7,0.298,0.303,41.38057,-87.42388,213.0,38.4,0.1121001390820584,0.3423980222496909,-0.0624133148404993
34.7,5.36,31.0,30.5,0.156,0.16,27.86981,-82.31323,6.0,276.7,0.4584323040380047,0.042016806722689,-0.663448275862069
34.5,9.06,28.9,28.5,0.178,0.181,28.0749,-80.88788,14.0,259.7,0.1090047393364928,0.2796934865900383,-0.4741858617950754
27.7,5.08,22.5,21.3,0.272,0.275,40.3747,-79.3894,323.0,262.2,0.0146627565982404,-0.3023255813953488,0.4644808743169399
31.9,2.79,28.7,27.6,0.303,0.307,30.58134,-88.09226,3.0,87.8,0.1506434519303558,-0.1010794896957801,-0.2109181141439206
34.3,4.75,29.6,29.2,0.175,0.178,27.04113,-81.74222,13.0,206.5,0.2077758141883362,0.5696063640104239,-0.5192127460168697
18.0,0.08,12.6,11.7,0.14,0.198,37.90825,-107.70574,3366.0,1037.2,0.0642840308873885,0.1179760597982332,0.6393329101506146
17.2,0.04,10.9,9.6,0.097,0.158,39.22387,-106.19483,3524.0,1225.2,0.0369764538762859,0.0178242163491087,0.6726086264523317
33.0,8.96,29.5,29.0,0.174,0.176,28.64743,-81.26413,22.0,188.5,0.0790939472707018,0.3524804177545692,-0.4207622868605817
18.8,0.13,14.2,14.6,0.275,0.283,43.46569,-124.18956,2.0,78.2,0.2082894274675096,0.3468973822653229,-0.3862846693081377
29.0,7.14,25.2,23.9,0.291,0.295,38.925,-89.03917,147.0,331.8,0.0795551753635585,0.3258145363408521,-0.4258487194758785
29.7,6.42,25.0,23.4,0.168,0.171,39.22347,-76.86304,103.0,37.9,0.0926517571884984,-0.0881226053639846,0.3146233382570162
27.9,3.59,22.0,20.8,0.117,0.121,41.49502,-72.26955,105.0,145.4,0.2547825259350909,0.6280461735784524,-0.568021051808814
24.8,7.32,19.5,17.9,0.251,0.251,46.75781,-95.06583,413.0,409.4,-0.0158730158730158,-0.2610837438423645,0.5095541401273885
27.0,3.39,22.2,20.7,0.258,0.262,44.75048,-93.64277,232.0,452.9,0.2986247544204322,0.6224219989423585,-0.477797513321492
25.4,3.71,23.3,21.4,0.329,0.338,43.0235,-87.894,177.0,149.1,-0.1497418244406196,-0.2167577413479053,-0.1098591549295774
32.8,7.61,28.7,28.0,0.168,0.168,30.22216,-81.41472,-2.0,28.7,-0.010752688172043,-0.1124260355029585,-0.0609756097560975
24.7,4.16,21.0,19.1,0.216,0.233,46.98119,-94.21984,399.0,340.5,-0.019108280254777,-0.081081081081081,0.4698162729658792
30.0,2.44,25.5,24.3,0.274,0.278,38.96417,-94.42639,244.0,653.4,0.3665609424558224,0.6147699090658584,-0.6368989205103042
24.3,1.0,17.7,17.8,0.094,0.157,47.32877,-123.12582,0.0,69.0,0.468667255075022,0.8049254698639015,-0.3982869379014989
33.9,4.94,29.1,28.3,0.096,0.094,29.76972,-82.6673,21.0,110.2,0.4967272727272727,0.7764857881136951,-0.6637201429377468
31.7,0.88,27.8,26.4,0.236,0.237,35.4722,-91.3528,69.0,612.3,0.4453441295546558,0.7568766637089619,-0.5993820803295572
28.9,2.42,24.1,23.0,0.13,0.136,42.00316,-97.4264,458.0,814.1,0.1667249213561691,0.0342313145635001,-0.207226738934056
28.7,0.0,23.6,21.2,0.046,0.078,37.40381,-119.70392,1036.0,250.2,-0.0333253101682676,0.2632071644771741,-0.3258241434215958
25.8,2.99,21.6,19.3,0.197,0.214,44.9665,-72.2256,205.0,233.0,0.0586080586080586,-0.0058708414872798,0.768172888015717
27.7,3.61,23.5,21.9,0.181,0.188,41.1039,-76.6644,180.0,228.4,0.1982434127979924,0.1919064179576351,-0.2798489853704577
34.8,0.0,28.4,26.5,0.063,0.111,36.94948,-120.11104,80.0,231.3,0.3733175406482179,0.6257234726688103,-0.609564542396615
29.4,4.22,24.5,23.0,0.188,0.192,40.36944,-74.61611,17.0,63.7,0.3329571106094808,0.6333746898263027,-0.5487621905476369
24.6,10.85,19.6,17.8,0.25,0.249,44.8513,-89.1622,370.0,343.7,0.397029702970297,0.6779481755684823,-0.5546440082039261
28.9,4.42,22.5,21.1,0.174,0.193,42.00891,-72.63322,37.0,141.4,0.3160621761658031,0.559536354056902,-0.7279253409906676
34.9,13.48,29.0,28.6,0.172,0.175,28.41689,-81.53623,25.0,210.0,-0.0909090909090909,-0.8378378378378378,-0.1558441558441558
30.7,0.05,26.9,24.4,0.042,0.084,38.98681,-119.16806,1341.0,318.9,-0.0654307524536532,0.1414762741652021,-0.1495016611295681
24.0,0.36,15.1,14.5,0.266,0.273,43.10317,-123.94502,140.0,56.4,0.6055090998524348,0.9062974646570862,-0.5971084337349397
24.0,2.12,18.3,16.5,0.157,0.173,46.4135,-84.59958,188.0,24.9,0.4768683274021352,0.7953501322567172,-0.5831802408654827
26.9,2.34,22.8,21.5,0.15,0.154,45.05873,-93.16515,264.0,402.8,-0.0434782608695652,-0.3506493506493506,0.2915129151291513
21.5,0.73,16.7,16.5,0.149,0.191,48.80082,-122.59547,0.0,135.3,0.3227680929741152,0.6985657183164825,-0.4329113924050632
32.1,2.78,29.1,28.0,0.146,0.152,32.49752,-80.39905,-1.0,57.6,0.0094438614900314,0.2204789430222956,0.2122587968217934
27.4,6.3,23.4,22.2,0.287,0.291,40.50898,-86.84539,173.0,146.8,0.3181252592285358,0.7026049204052098,-0.5273596176821983
31.9,5.39,29.5,29.3,0.178,0.179,28.06882,-80.62118,12.0,255.7,0.0091185410334346,0.3049040511727079,-0.3090332805071315
30.3,0.04,21.3,19.1,0.095,0.113,40.07628,-111.38264,1650.0,912.3,0.1200724966017218,0.36598106431603,-0.42000673627484
26.8,3.4,20.4,18.8,0.168,0.185,44.1634,-72.009,202.0,148.1,0.0721649484536082,0.0625,0.3097345132743362
28.3,7.71,22.6,21.5,0.113,0.117,41.4131,-73.2823,78.0,99.5,0.1970321516900247,0.6053484602917342,-0.5519421860885275
27.7,5.98,23.4,22.2,0.288,0.293,40.02517,-85.32303,325.0,267.1,-0.0530209617755857,-0.1356382978723404,0.6288659793814433
28.0,1.95,23.8,22.2,0.274,0.278,40.28285,-82.88548,279.0,413.4,0.3724802804557405,0.7437365783822477,-0.5190947666195191
33.1,5.23,30.8,30.3,0.164,0.167,26.85087,-82.06777,0.0,219.8,-0.0460526315789473,-0.3766233766233766,0.3890909090909091
29.9,0.16,21.2,19.3,0.037,0.097,39.65961,-106.82975,2013.0,1197.8,0.1909090909090909,0.4976481655691439,-0.4612794612794613
27.1,2.68,22.7,21.2,0.272,0.275,41.43775,-85.25177,290.0,197.5,0.4541249036237471,0.3198847262247838,-0.2736380713838447
29.2,4.65,24.7,23.5,0.153,0.174,40.20817,-74.48293,49.0,68.3,0.104221635883905,0.543119883368846,-0.3996120271580989
26.0,1.88,22.3,20.7,0.156,0.169,42.94891,-70.78633,6.0,19.2,0.0745391397274913,0.0525164113785558,0.0099788327789537
27.4,2.28,22.4,21.3,0.128,0.131,45.13592,-93.44722,264.0,410.0,0.4465000654193379,0.7971225781699597,-0.4852692812910489
17.5,0.26,14.0,15.1,0.273,0.281,41.05545,-124.13127,58.0,196.4,-0.0331657244092436,0.1584755114166879,-0.0697674418604651
34.3,4.48,31.0,30.5,0.156,0.16,27.86698,-82.313,9.0,277.0,0.1203007518796992,-0.0129870129870129,-0.3318077803203661
24.8,1.4,19.1,16.3,0.196,0.194,47.73832,-91.76989,442.0,140.8,0.3942857142857143,0.6057385759829969,-0.6074766355140186
28.6,0.26,23.5,21.6,0.063,0.132,43.64924,-112.91708,1480.0,850.8,-0.1933896437752479,0.0195510499637943,0.1999066946582691
24.9,6.35,19.7,17.9,0.165,0.167,47.56028,-100.98209,559.0,829.0,0.1370914674270673,0.3530669297812859,-0.3413173652694611
23.3,0.59,15.2,13.5,0.207,0.22,43.5912,-111.20147,1970.0,970.5,0.4392014519056261,0.7507059298104074,-0.4462462462462462
33.6,6.37,28.7,27.3,0.272,0.277,30.52037,-84.25063,53.0,245.8,0.2960760998810939,0.6508061344868266,0.0039708802117802
34.3,2.09,28.5,27.8,0.096,0.094,29.51695,-82.2227,33.0,100.6,-0.0194410692588092,0.2807543934847835,-0.2449877750611247
33.1,5.55,30.2,29.9,0.176,0.179,26.0357,-80.26821,6.0,27.1,0.3636363636363636,0.6919883769198838,-0.6375661375661376
28.4,0.16,20.0,18.1,0.037,0.097,39.5825,-106.763,2205.0,1198.8,0.2158674093193859,0.1239945363484595,0.2011577424023155
30.0,2.22,29.7,29.1,0.13,0.127,28.35,-82.76667,0.0,240.2,-0.1837455830388692,-0.4790286975717439,0.7562568008705114
33.9,3.85,30.9,29.7,0.176,0.181,27.95424,-81.36927,21.0,262.8,0.3384615384615385,0.7056573384336622,-0.6362329259525521
26.4,3.81,21.8,19.9,0.238,0.24,45.08692,-94.20036,320.0,454.0,-0.0008833922261484226,-0.182209469153515,0.4366497732728727
27.6,4.68,23.5,22.1,0.282,0.286,41.22806,-82.64235,208.0,309.6,-0.0190582959641255,0.1624049758120248,-0.165051053379863
23.9,0.0,20.9,19.9,0.102,0.133,34.68508,-120.42775,71.0,209.7,0.1535580524344569,0.4783612233121754,-0.4914004914004914
30.0,0.01,20.3,18.4,0.084,0.116,41.56047,-122.97052,917.0,186.8,0.0178629425138031,0.3035467526485491,-0.5013799448022079
28.3,3.25,25.0,23.8,0.293,0.297,38.74268,-87.40653,152.0,329.2,0.3273408239700374,0.4025282767797737,-0.4918598914652195
32.6,1.13,29.9,28.7,0.181,0.185,30.21079,-85.65496,11.0,149.8,-0.1290322580645161,-0.2316715542521994,0.3198992443324937
28.2,0.04,20.0,17.4,0.072,0.104,41.18068,-111.40046,1777.0,1002.8,0.2957983193277311,0.5113702623906705,-0.4927718416090509
32.6,3.64,26.7,25.4,0.28,0.282,33.48458,-83.95797,182.0,385.4,-0.0965989913358334,-0.0164615630493846,0.1173646143560444
24.8,1.15,18.9,17.4,0.124,0.142,45.85074,-122.8182,29.0,106.3,0.3800135961930659,0.7855126999059266,-0.4881920247773906
26.7,2.95,21.0,18.6,0.276,0.279,44.98243,-74.6555,44.0,365.9,-0.0632911392405063,-0.0632911392405063,-0.1031578947368421
31.6,12.73,26.1,24.7,0.217,0.213,36.17434,-86.82402,125.0,618.1,0.2216097023153252,0.5981787137165623,-0.3885741265344665
31.6,0.75,27.7,26.6,0.247,0.255,37.21038,-76.74719,0.0,60.5,0.0170316301703163,-0.4584837545126354,0.896602658788774
27.4,2.72,22.3,20.8,0.282,0.284,41.565,-85.4381,278.0,180.3,0.2125842696629213,0.550654013849705,-0.4406060606060606
30.2,6.24,26.7,24.3,0.293,0.296,38.26796,-93.40856,215.0,624.7,-0.0912621359223301,-0.5654596100278552,0.8004434589800443
28.2,4.56,22.5,21.0,0.271,0.274,40.8839,-80.2336,269.0,249.9,0.2753259779338014,0.1547236033928049,-0.5783720476283428
28.6,0.45,22.7,20.5,0.095,0.126,42.08237,-113.9289,1499.0,870.5,0.0529639989172606,0.1892006720611807,-0.3902880244136478
34.9,0.06,28.9,26.8,0.062,0.108,35.06647,-106.56088,1628.0,1016.2,0.0584584132716397,0.094579195832655,-0.33097176694512
26.6,0.2,18.1,16.9,0.142,0.16,44.2463,-123.3786,117.0,184.5,0.4345665378244064,0.7799111620576014,-0.4665359156656042
36.2,0.37,32.0,30.6,0.059,0.124,33.23603,-107.36067,1462.0,919.5,0.1171235315058739,0.2574850299401197,-0.3734463276836158
33.3,6.1,31.2,30.8,0.156,0.163,27.98781,-82.65262,0.0,273.2,-0.0814332247557003,-0.502262443438914,0.9002493765586035
28.2,2.38,22.7,21.5,0.118,0.123,41.2349,-73.21723,98.0,88.6,0.1938352104327208,0.532967032967033,-0.5420760358821016
27.3,5.8,23.1,21.9,0.291,0.296,40.45769,-87.13106,215.0,143.6,0.0139049826187717,0.360390830514844,-0.2912359550561798
24.9,1.68,19.8,18.2,0.258,0.258,46.68877,-94.09422,373.0,343.7,0.1694915254237288,-0.4626865671641791,0.5714285714285714
24.3,7.05,21.1,20.1,0.303,0.305,35.6624,-83.38531,1027.0,451.6,0.3505376344086021,0.7346687752591812,-0.5845088484226725
31.3,1.51,25.3,23.8,0.189,0.191,38.94587,-77.10698,69.0,10.6,0.506961506961507,0.8234086242299795,-0.6127093173035638
29.5,0.12,24.6,22.1,0.047,0.104,46.04314,-118.4628,193.0,339.4,0.2386706948640483,0.594296228150874,-0.5238334169593577
27.3,6.4,23.1,21.9,0.286,0.291,40.31593,-87.02763,215.0,161.2,0.2549828178694158,0.4282700421940928,-0.5225893459204316
32.9,0.0,26.4,24.9,0.1,0.126,39.72714,-122.16992,72.0,216.2,0.2049306625577812,0.6078431372549019,-0.556224467856375
27.3,6.34,23.0,21.8,0.285,0.29,40.4225,-87.18284,207.0,146.3,0.2821057100403311,0.484215342382187,-0.5434010512856939
26.0,1.6,20.8,19.7,0.142,0.145,44.20356,-89.72116,315.0,327.5,0.4559386973180077,0.7010526315789474,-0.5866141732283464
23.7,6.1,19.3,17.4,0.218,0.219,42.62646,-77.26525,608.0,136.9,0.430716723549488,0.7665827036104114,-0.5062124248496994
32.4,12.06,28.6,27.6,0.275,0.278,30.54593,-95.29172,75.0,94.6,0.4529729729729729,0.790302527973477,-0.5472972972972973
29.7,4.59,24.9,23.6,0.248,0.248,37.58503,-90.58451,284.0,524.0,0.1614213197969543,0.2244131455399061,-0.3161922252831344
30.1,0.5,30.4,30.4,0.0,0.0,24.52162,-81.56432,0.0,189.8,-0.0568181818181818,-0.15527950310559,0.7007874015748031
32.8,2.17,30.8,30.3,0.145,0.178,29.02468,-82.72071,15.0,172.7,0.5727002967359051,0.3348729792147806,-0.6467836257309941
32.1,3.81,28.2,26.0,0.287,0.289,34.07041,-82.64297,148.0,291.1,-0.0196078431372549,-0.4181818181818181,0.8725490196078431
33.3,7.44,31.7,31.3,0.135,0.135,27.78928,-82.64133,6.0,293.8,0.1143695014662756,-0.1750972762645914,0.0044642857142857
32.2,2.07,27.9,26.4,0.239,0.242,35.32592,-96.12483,203.0,629.2,0.0140845070422535,0.1473317865429234,-0.1719882770322381
29.5,3.19,26.0,24.4,0.296,0.3,37.91046,-87.27146,121.0,422.3,0.1416781292984869,0.4573913043478261,-0.3111638954869358
27.8,5.65,22.3,21.1,0.119,0.123,41.4682,-72.3381,55.0,151.6,-0.0195873596239226,0.4116716271710055,-0.4255757701248953
32.5,2.21,29.9,29.2,0.192,0.205,29.97632,-83.78821,0.0,204.0,0.1476510067114094,0.0268199233716475,0.4911242603550296
27.3,3.64,23.2,22.0,0.284,0.289,40.3775,-86.68368,217.0,165.9,0.0760467103389347,0.5101177891875567,-0.3555045871559633
24.3,3.14,18.9,17.3,0.184,0.186,47.95434,-102.08649,595.0,907.1,0.0387388898205601,0.3414522058823529,-0.3497613211198555
35.8,0.25,29.5,27.6,0.057,0.106,35.21449,-106.58993,1530.0,1017.1,0.0436923076923077,0.1724413379930104,-0.3692391211177462
27.8,5.57,23.0,21.9,0.125,0.13,41.3458,-72.9585,24.0,113.1,0.2427672955974842,0.5706134094151213,-0.6132190942472461
31.8,0.65,30.9,30.5,0.154,0.157,25.59108,-80.33172,7.0,17.9,0.4876360039564787,0.8375666353088742,-0.6423477783872737
31.9,3.82,28.9,27.9,0.29,0.291,30.46408,-91.18622,15.0,121.8,0.2931968693558097,0.6057094878253568,-0.5825350036845984
25.3,3.49,19.9,18.3,0.265,0.269,41.99423,-77.87028,495.0,131.5,0.0761714412613813,0.2076190476190476,-0.3050754957249408
29.5,6.39,24.9,23.6,0.146,0.166,40.29736,-74.36164,21.0,54.2,0.2043471101597233,0.4168476949070722,-0.3196650303205313
29.9,2.81,25.6,24.3,0.25,0.251,37.76954,-89.81122,136.0,476.1,0.3059653624118024,0.6030814380044021,-0.5700649102710958
30.4,1.45,26.1,25.1,0.203,0.214,39.38119,-75.31416,0.0,154.9,0.1340941512125535,0.5485310524358498,-0.445777677156441
32.9,1.51,31.5,31.6,0.122,0.128,27.31177,-82.56508,0.0,289.1,-0.2371392722710163,-0.7638640429338104,0.9027027027027028
28.8,3.75,24.6,23.2,0.264,0.267,39.9281,-83.105,247.0,426.4,0.4116623150565709,0.6671590349581487,-0.5337423312883436
24.3,1.0,17.7,17.8,0.094,0.157,47.32696,-123.12506,-1.0,69.1,0.506993006993007,0.7452574525745257,-0.5230247212796898
30.0,1.32,24.6,23.4,0.302,0.305,39.02018,-90.92147,181.0,409.8,0.4114478114478114,0.2090497737556561,-0.4552429667519181
33.9,1.05,29.1,28.3,0.096,0.094,29.71198,-82.63545,30.0,111.3,0.4908100748808713,0.7773809523809524,-0.6844919786096256
29.4,0.26,24.1,22.1,0.058,0.117,37.07877,-105.75674,2270.0,1150.6,0.2790930310103368,0.2365639492455095,-0.4285091067728214
28.4,1.53,22.9,21.2,0.089,0.092,42.99539,-71.42119,102.0,43.9,-0.1276041666666666,-0.3769875686614628,0.2872614749871067
28.1,2.6,22.5,23.4,0.157,0.163,41.07218,-73.511,16.0,58.3,0.3206896551724137,0.4774535809018567,-0.4677777777777778
27.4,3.01,22.1,20.5,0.257,0.258,43.02971,-83.67385,220.0,120.8,0.3949860724233983,0.7070407337469652,-0.505005177770107
33.8,0.0,26.7,24.7,0.068,0.11,38.94876,-122.63799,403.0,128.3,0.1279348346909439,0.106090373280943,0.346738597351643
33.2,2.37,27.6,26.2,0.203,0.206,35.89333,-79.01972,83.0,214.1,0.4432132963988919,0.6492146596858639,-0.6613213598460551
28.8,10.18,25.1,23.4,0.294,0.298,38.41865,-86.70291,171.0,372.8,0.0075949367088607,-0.1914893617021276,0.184257602862254
29.8,0.01,22.8,20.5,0.054,0.109,46.66745,-120.4795,341.0,172.4,0.2905373276271992,0.6653207716464783,-0.5656198347107438
28.2,1.93,23.9,22.4,0.274,0.278,40.20793,-82.88705,272.0,421.8,0.1833333333333333,-0.1922141119221411,0.6548089591567853
34.1,5.9,30.2,29.3,0.179,0.183,28.04056,-81.92836,36.0,252.2,0.1428571428571428,-0.4198473282442748,0.4158415841584158
31.9,5.67,26.9,25.6,0.274,0.276,33.28469,-86.88281,123.0,322.2,0.2313341493268053,0.1559139784946236,-0.4059599413776258
22.0,2.44,18.1,17.1,0.257,0.26,35.40607,-82.75705,1483.0,391.3,0.4065381391450126,0.6908296943231441,-0.6378351036924633
33.5,0.09,29.3,26.8,0.044,0.096,39.17497,-108.66373,1413.0,1034.1,0.2059721750933152,0.4867295459530599,-0.4085790884718498
26.9,1.31,25.3,24.3,0.12,0.135,39.28428,-74.58238,0.0,165.1,-0.067524115755627,-0.4188034188034188,0.6563071297989032
27.0,2.06,22.6,21.2,0.282,0.286,41.30789,-85.65642,257.0,167.6,0.0656370656370656,0.1986754966887417,-0.0402476780185758
33.0,2.39,30.9,30.5,0.154,0.157,25.5704,-80.38146,6.0,23.2,0.4209686003193187,0.7263581488933601,-0.5570161025303977
34.7,3.9,29.5,28.7,0.18,0.182,28.49291,-81.78053,26.0,201.1,-0.2521739130434782,-0.7349397590361446,0.1335740072202166
27.6,3.27,24.3,22.6,0.284,0.286,39.60219,-84.96981,247.0,321.9,0.4924662965900079,0.7527047913446677,-0.5628715134887975
26.4,0.57,18.5,16.3,0.096,0.127,42.85879,-112.02952,1707.0,960.4,0.4269746646795827,0.8079660382070171,-0.4820769063654138
25.6,1.46,19.1,17.6,0.178,0.183,44.08472,-103.58,1425.0,1136.8,0.2401433691756272,0.5619834710743802,-0.3505226480836237
31.6,2.68,26.9,25.5,0.18,0.179,36.04979,-91.60619,145.0,680.5,0.0114510340112801,0.2027567195037904,-0.2813264474041859
22.5,0.91,15.8,14.4,0.127,0.156,48.49915,-117.18145,985.0,393.3,0.4881266490765171,0.7207293666026872,-0.598682543704079
26.3,2.68,21.5,20.4,0.138,0.141,45.44562,-93.0552,272.0,363.9,0.1149674620390455,0.3154362416107382,0.0954773869346733
26.0,3.22,21.3,21.1,0.138,0.143,41.67107,-70.39687,25.0,95.1,0.0923076923076923,0.5523520485584219,-0.4823657080846446
32.7,5.87,31.7,31.3,0.135,0.135,27.73893,-82.65081,0.0,299.4,0.3666666666666666,-0.5682539682539682,0.7953795379537953
32.3,4.08,28.3,27.2,0.269,0.27,33.26822,-79.26879,0.0,78.6,-0.0424242424242424,-0.423841059602649,0.7105263157894737
30.4,4.44,24.7,23.4,0.272,0.274,37.9181,-91.10125,229.0,515.9,0.3919413919413919,0.6459181694783789,-0.5836487509462528
20.2,1.57,14.6,14.0,0.185,0.219,47.43183,-123.97305,58.0,127.0,0.4526315789473684,0.7947705969412926,-0.5328368314150305
33.4,7.79,28.6,28.1,0.264,0.269,28.24732,-80.84074,9.0,243.0,0.5867924528301887,0.752542372881356,-0.5515008828722778
26.6,1.85,22.3,20.4,0.199,0.213,45.392,-92.82024,269.0,357.0,0.1379310344827586,-0.2468827930174563,0.64453125
26.0,3.44,21.6,19.3,0.12,0.123,45.63106,-68.87045,148.0,179.9,0.2482387070037298,0.6123103227185296,-0.1256056653000372
27.7,0.83,25.3,23.6,0.06,0.131,48.23518,-119.00856,621.0,255.2,0.4925,0.7607542722451385,-0.688039457459926
34.4,3.75,30.4,29.5,0.152,0.154,29.04566,-82.46475,14.0,157.8,-0.0320855614973262,0.0378863409770687,0.006022368798394
29.2,0.09,25.6,23.1,0.052,0.102,40.29975,-110.60426,1896.0,976.9,0.2617046818727491,0.3762677484787018,-0.4422945595265194
32.4,0.81,25.4,23.5,0.099,0.133,39.62134,-105.01718,1620.0,1335.3,0.3612424037812289,0.1976251060220525,-0.5774916547448736
29.3,1.12,23.3,21.8,0.201,0.204,40.9933,-75.1375,101.0,101.1,0.6007556675062973,0.5303703703703704,-0.6298671552908841
13.6,4.38,6.8,10.2,0.191,0.192,56.24056,-130.88028,45.0,1124.8,0.1731301939058172,0.515520389531345,-0.1036220472440944
23.5,0.01,17.7,17.3,0.121,0.134,37.88861,-122.5672,53.0,11.5,0.3737373737373737,0.771371102916527,-0.5372670807453416
19.2,0.97,14.6,13.6,0.25,0.256,46.9141,-122.083,585.0,78.0,0.6157205240174672,0.9055793991416308,-0.5517241379310345
33.7,6.83,29.4,27.9,0.229,0.233,32.81483,-95.55264,121.0,346.7,0.0558659217877094,-0.1575342465753424,0.6234567901234568
28.0,5.64,24.2,22.8,0.301,0.304,38.87837,-86.65274,165.0,323.9,0.175521183591123,0.4382588774341351,-0.4898821436513231
33.0,2.07,27.7,26.5,0.214,0.215,33.6972,-93.0833,0.0,495.5,-0.0142566191446028,-0.360655737704918,0.616580310880829
29.4,7.28,25.2,23.9,0.293,0.298,37.9748,-87.2311,118.0,415.4,0.3830508474576271,0.4116379310344827,-0.5474506885001861
34.0,6.14,31.4,31.6,0.122,0.128,27.30825,-82.46042,9.0,280.5,0.0888888888888888,0.2343429742655431,-0.3077575243747351
31.3,4.08,25.9,24.6,0.269,0.272,36.46195,-93.75201,294.0,767.4,0.1192363695194952,0.1146527890713937,-0.2821270310192024
30.9,8.36,26.4,25.0,0.26,0.264,36.63582,-94.63009,240.0,774.5,0.4438305709023941,0.4460409660654234,-0.5869069815620468
34.6,5.36,29.8,29.4,0.165,0.167,27.87337,-82.31,11.0,276.3,0.0505050505050505,0.2878787878787879,-0.4137931034482758
28.3,2.38,22.7,21.6,0.118,0.123,41.23572,-73.22811,88.0,88.0,0.1754274857504749,0.5639651707970529,-0.4883504193849021
25.9,1.92,18.8,18.1,0.234,0.246,46.81622,-88.29783,189.0,170.5,0.4495652173913043,0.8512338425381903,-0.3984084880636604
33.3,5.69,28.6,27.5,0.235,0.24,32.05418,-95.4419,110.0,261.8,0.1313131313131313,-0.0530612244897959,0.0875
27.7,3.77,21.7,20.1,0.131,0.159,43.29759,-71.69369,139.0,68.0,0.2300469483568075,0.7117750439367311,-0.3700906344410876
34.7,6.02,29.3,28.9,0.18,0.184,27.55077,-81.79409,21.0,251.0,0.2393639879673399,0.5495036905064902,-0.4502587694077056
29.4,3.66,24.7,23.5,0.085,0.088,40.19037,-74.26469,32.0,60.9,0.270473328324568,0.670568278201866,-0.5924170616113744
31.7,0.02,26.4,24.9,0.035,0.097,46.20251,-118.99478,100.0,295.3,0.6136306690052619,0.5251000923929782,0.30402104472003
28.5,5.69,23.6,22.3,0.291,0.295,39.93966,-86.05935,233.0,234.8,0.4352256186317321,0.7970003487966516,-0.5042283298097252
27.4,3.63,22.6,21.2,0.281,0.284,41.59,-85.19388,279.0,200.3,0.0012771392081736,-0.1724137931034483,0.5492957746478874
31.4,3.73,26.7,25.8,0.274,0.279,36.8833,-76.1506,14.0,16.2,0.2083333333333333,-0.1949685534591195,0.3959731543624161
25.3,0.88,20.5,18.5,0.172,0.177,47.1675,-98.96861,458.0,685.3,0.1535818524402409,0.524885939444214,-0.342501515080882
33.6,6.13,29.2,28.7,0.138,0.135,28.46552,-82.36441,36.0,213.9,0.0769230769230769,-0.0105263157894736,-0.3931034482758621
30.4,0.72,25.6,23.5,0.11,0.15,39.53582,-103.91329,1622.0,1341.3,0.0714285714285714,0.2082685041120248,-0.4672083575159605
28.6,8.53,24.2,22.9,0.298,0.302,39.78047,-86.25972,218.0,241.5,0.1951219512195122,0.5567370924863579,-0.4116598324121946
34.1,4.29,29.9,29.4,0.143,0.143,27.24921,-82.38609,8.0,270.7,0.2195530726256983,0.617836137327315,-0.5136096779932396
29.4,2.56,24.9,23.0,0.162,0.171,42.76569,-97.17632,354.0,796.8,-0.096728307254623,0.1956181533646322,-0.2160213618157543
29.8,0.0,22.5,20.3,0.054,0.109,46.67991,-120.46095,381.0,172.7,0.1693766937669376,0.4285714285714285,-0.4026322857910287
27.2,4.31,22.7,21.2,0.264,0.268,40.82912,-82.31034,356.0,357.1,0.3966571545046881,0.7112758486149044,-0.5733463509885282
33.5,2.43,29.7,28.2,0.088,0.143,33.84333,-103.31556,1295.0,877.5,0.1297656523259881,0.3067706882139872,-0.5455180442374854
31.1,5.91,25.5,24.3,0.284,0.287,36.78673,-93.06157,279.0,720.6,0.3554083885209713,0.6517175572519084,-0.5950433705080546
27.5,3.02,20.9,19.4,0.089,0.092,44.18212,-70.42091,115.0,126.4,0.3047445255474452,0.7069230769230769,-0.4801819363222872
29.4,2.91,24.4,23.0,0.273,0.274,39.11838,-84.82178,142.0,371.1,0.0449438202247191,-0.2336719883889695,0.7056396148555708
21.8,0.9,15.7,14.4,0.12,0.15,47.8609,-116.00258,1034.0,471.8,0.4965229485396384,0.8515176374077112,-0.4247104247104247
20.8,0.39,17.8,15.8,0.094,0.119,44.04514,-113.45427,2187.0,790.6,0.1273987993964881,0.3451232569919627,-0.4755834152887435
28.4,0.22,24.0,21.8,0.054,0.108,45.46767,-118.86125,534.0,354.1,0.210762331838565,0.6104039845047039,-0.4104234527687296
27.9,5.98,23.0,21.3,0.174,0.178,40.7067,-77.5344,208.0,206.0,0.2737987307343608,0.6671514647828797,-0.5247425270032655
27.0,0.19,21.0,19.2,0.03,0.042,45.75206,-121.52702,50.0,205.0,0.489763779527559,0.7850746268656716,-0.6299357208448118
22.9,0.17,16.4,15.1,0.169,0.184,40.06278,-105.5125,2776.0,1318.2,0.3703703703703703,0.7096936212958312,-0.4988814317673378
32.4,1.11,30.2,29.9,0.176,0.179,25.95145,-80.10287,0.0,19.4,-0.5918367346938775,-0.5,0.7566539923954373
27.9,5.96,23.6,22.4,0.297,0.301,39.82825,-87.24861,188.0,210.2,0.205420054200542,0.571970802919708,-0.4216456128371458
33.7,4.54,31.8,30.0,0.297,0.304,26.74444,-80.76917,3.0,119.4,0.0545454545454545,-0.0853889943074003,0.4339622641509434
34.3,4.2,29.3,27.5,0.083,0.12,34.24728,-103.12186,1237.0,886.2,0.0658265826582658,0.3767814251401121,-0.582239268328662
34.4,5.89,29.8,29.4,0.165,0.167,27.85731,-82.26931,13.0,277.2,-0.0404371584699453,0.0240187463386057,0.0104585679806918
34.5,0.13,28.6,27.1,0.071,0.136,38.27167,-104.71803,1450.0,1281.7,0.0903078097176291,0.3741687084354217,-0.3907335907335907
33.6,6.88,29.4,28.4,0.116,0.119,33.94365,-81.07902,53.0,167.8,0.0087232355273592,0.1784423266513309,-0.2438282042610754
30.2,5.44,25.3,24.0,0.272,0.275,37.87687,-93.71925,241.0,673.6,0.2109704641350211,0.5005008347245409,-0.4951907131011608
23.1,0.69,15.0,13.4,0.195,0.208,43.60117,-110.74264,1956.0,1001.7,0.0811446491571932,0.2827417380660955,-0.4948285247686445
30.5,5.42,26.1,24.8,0.24,0.24,36.0506,-94.1189,359.0,716.2,0.2667001506780512,0.4687045123726346,-0.4977443609022556
32.5,0.15,26.8,24.5,0.045,0.097,39.53139,-110.73444,1642.0,911.7,0.1283507899875732,0.2939315501869428,-0.3200314218381775
33.7,2.8,29.6,28.9,0.16,0.175,32.36529,-80.6779,0.0,87.5,-0.0242587601078167,-0.5261044176706827,0.8319604612850082
24.3,4.81,20.0,18.0,0.215,0.217,46.99116,-94.06828,396.0,329.3,0.108485499462943,-0.1673699015471167,0.487674169346195
31.6,5.02,31.3,31.2,0.178,0.181,26.25208,-80.0802,0.0,51.7,-0.0102432778489116,-0.0313725490196078,0.265195857721747
30.7,0.0,23.9,21.7,0.05,0.101,39.11885,-119.75185,1442.0,280.6,-0.0250405332372545,0.2132734185966125,-0.3039107268523173
32.0,6.47,26.1,24.6,0.193,0.201,36.9153,-78.7406,95.0,217.5,0.0572033898305084,0.0404312668463611,-0.1284916201117318
28.3,0.46,23.0,21.2,0.156,0.179,42.69394,-103.56936,1259.0,1213.4,0.1773700305810397,0.5194998511461745,-0.3693322341302555
33.8,5.89,30.7,30.3,0.164,0.167,26.8858,-82.00587,5.0,216.7,-0.0451127819548872,0.1080213903743315,-0.0621737066919791
29.3,0.01,22.3,20.1,0.054,0.109,46.67174,-120.44865,417.0,174.0,0.0701317194731221,0.077683615819209,-0.2850241545893719
27.3,2.29,22.4,21.3,0.128,0.131,45.14861,-93.45917,267.0,409.5,0.4003271460066852,0.7771876279942395,-0.5667960270999144
24.4,0.84,17.6,17.7,0.094,0.157,47.3901,-123.02,10.0,58.9,0.2604828462515883,0.6741321388577828,-0.328397212543554
25.9,5.69,21.8,20.0,0.216,0.218,45.15358,-94.86005,381.0,486.9,0.1832335329341317,0.5323428571428571,-0.5056179775280899
28.1,3.72,23.3,22.2,0.288,0.294,41.32781,-89.00814,139.0,124.3,0.0806878306878306,-0.2567811934900542,0.5463371579876434
27.0,1.45,26.7,25.8,0.274,0.279,36.99542,-76.16772,0.0,24.7,-0.0980392156862745,-0.423728813559322,0.8485639686684073
32.1,1.77,28.1,26.7,0.186,0.186,35.21551,-93.94031,158.0,628.4,0.2487184744720114,0.4983570646221248,-0.4731523507750279
32.1,5.07,27.9,26.4,0.261,0.265,35.87167,-95.23306,170.0,686.4,0.0,-0.4624277456647399,0.673469387755102
24.6,3.99,21.9,20.2,0.313,0.323,43.14313,-87.9261,199.0,162.7,-0.2715700141442715,0.0501848917062863,0.0953846153846153
31.4,0.03,23.9,21.8,0.092,0.131,39.56528,-107.41722,1728.0,1148.6,0.1341969177205468,0.3180557936019841,-0.3323791023412739
34.9,0.04,31.4,29.2,0.039,0.083,37.26748,-113.37078,1235.0,574.7,0.0125354561259035,0.1472049128510792,-0.282436308419099
29.5,7.92,24.0,22.9,0.287,0.291,36.35324,-84.6908,379.0,590.2,0.0970099667774086,0.3346389228886169,-0.4598223954949101
26.6,4.08,22.5,20.9,0.184,0.19,43.64609,-94.83029,401.0,608.0,0.0340632603406326,0.2348217153870864,-0.3088470137336314
34.0,9.36,30.4,30.0,0.176,0.18,28.0512,-82.50559,20.0,262.0,0.3298585256887565,0.6934604904632152,-0.4947468958930276
27.7,0.03,20.2,18.6,0.096,0.114,43.11721,-123.44036,159.0,93.2,0.5047528517110266,0.8560176868868316,-0.5174302788844621
31.8,0.91,25.3,23.3,0.088,0.134,39.822,-105.126,1658.0,1336.3,0.2037617554858934,0.4686192468619247,-0.4650808173223544
26.1,2.55,20.8,19.2,0.258,0.258,45.69172,-93.0573,273.0,343.5,0.266321243523316,-0.1132075471698113,0.7645107794361525
24.6,1.07,19.1,17.1,0.175,0.177,46.249,-90.02556,490.0,183.8,0.3022556390977444,0.1310861423220973,-0.3478260869565217
23.4,0.55,16.2,15.1,0.18,0.208,43.22185,-122.73421,801.0,151.0,0.6373134328358209,0.8058330003995205,-0.4868766404199475
27.3,1.28,21.6,21.6,0.146,0.203,43.68158,-71.45361,157.0,78.6,0.2474297464016449,-0.0232991612301957,-0.2345854004252303
29.1,4.01,25.5,24.3,0.266,0.273,40.83658,-74.18019,57.0,21.5,0.3136645962732919,0.6537406972189581,-0.5824701195219123
32.0,3.01,31.4,31.3,0.174,0.177,25.87169,-80.16863,8.0,8.6,-0.0655363547440495,0.2090997095837367,-0.0670037926675094
28.0,5.51,23.3,21.7,0.109,0.114,41.4497,-73.34134,100.0,100.0,0.2359550561797752,0.5113322277501382,-0.6320754716981132
29.9,8.3,25.1,23.8,0.287,0.29,37.70792,-93.00501,305.0,640.7,0.1184834123222748,0.3357142857142857,-0.4330121230960522
25.9,4.73,21.2,20.1,0.143,0.146,45.76383,-94.20511,315.0,404.5,0.2758132956152758,0.5133079847908745,-0.5284469502819067
31.9,2.76,28.1,26.6,0.24,0.242,35.0219,-91.5089,54.0,571.4,-0.0271493212669683,-0.4692556634304207,0.7489878542510121
31.1,4.95,26.4,25.1,0.226,0.226,35.95632,-93.24351,287.0,724.2,0.3213102686786897,0.6349960411718132,-0.6749951578539609
34.3,11.38,30.8,30.3,0.164,0.167,26.98648,-81.99336,0.0,222.1,0.063063063063063,-0.2128279883381924,-0.0205278592375366
34.1,3.02,28.5,27.3,0.152,0.16,34.7013,-78.62838,22.0,87.0,0.033009708737864,-0.2607594936708861,0.4661921708185053
26.4,0.62,21.8,19.4,0.094,0.127,42.04699,-114.40872,1734.0,832.0,0.1321884171679307,0.4484541794407712,-0.4859432330985619
26.7,0.14,24.7,22.1,0.044,0.09,39.31754,-111.18945,2259.0,866.6,0.0789931562463751,0.0825051999075572,-0.3476652334766523
28.9,5.29,25.1,23.8,0.299,0.303,38.89309,-92.44546,174.0,515.9,0.2315124489037532,0.5172735760971056,-0.5143871678706992
30.9,0.0,23.8,21.6,0.047,0.096,39.04213,-119.74323,1431.0,277.0,0.0983810709838107,0.2468532195984603,-0.4743207563239928
34.8,10.52,29.5,28.4,0.154,0.154,30.0824,-81.80976,7.0,26.4,0.1278848764594081,0.0377471539844218,-0.192942515651679
32.8,7.94,30.2,29.9,0.176,0.179,26.02592,-80.16336,11.0,25.4,0.1174533479692645,0.2596685082872928,-0.400286944045911
26.9,2.62,22.6,21.2,0.291,0.292,41.6593,-85.9324,233.0,138.6,0.3260412284392091,0.649376231122784,-0.5152952335783733
21.9,0.44,14.9,13.6,0.155,0.203,46.01248,-115.7041,1383.0,531.9,0.4270116463737427,0.7790479592748056,-0.3800494641384996
25.3,1.58,23.3,21.5,0.213,0.216,42.58111,-70.73472,3.0,29.6,0.1726002703920685,0.4568047337278106,-0.4946790250600755
26.3,2.08,21.7,20.1,0.279,0.283,42.7842,-85.1999,252.0,223.3,0.1703835860838537,0.4899917740608719,-0.4097616345062429
27.8,6.2,22.8,21.8,0.284,0.285,35.7612,-83.21058,649.0,448.2,0.3806306306306306,0.7558810474922326,-0.6214253290966864
32.3,6.88,30.2,29.8,0.166,0.167,26.69426,-82.03898,3.0,208.6,-0.0902242766649546,0.0262996941896024,0.0269065981148243
32.6,12.86,29.7,28.0,0.274,0.278,30.35771,-95.5655,62.0,74.8,0.0932754880694143,-0.2666666666666666,0.4343434343434343
27.7,4.45,25.8,23.8,0.299,0.304,41.4975,-82.84167,172.0,278.6,0.0825420014609203,-0.3096976016684046,0.90702947845805
28.4,2.42,22.8,21.8,0.128,0.133,41.19597,-73.43747,70.0,72.6,0.0082644628099173,0.1300639658848614,-0.2373572593800978
25.5,0.99,20.7,19.6,0.146,0.147,47.93728,-97.59395,325.0,573.1,0.0770833333333333,-0.4644628099173554,0.3372781065088757
22.7,0.59,14.8,13.6,0.138,0.189,46.0934,-115.70578,1233.0,528.5,0.3351111111111111,0.766541822721598,-0.2259774685222001
28.5,1.88,22.7,20.7,0.142,0.159,45.72817,-100.59584,531.0,848.2,0.2319222199716427,0.4795498215756245,-0.4636961051450552
31.8,2.75,25.6,24.2,0.186,0.187,37.85,-77.4281,20.0,122.6,0.2171189979123173,0.4246995653285605,-0.5026567481402763
26.0,0.99,20.9,19.0,0.162,0.166,46.94401,-100.94524,500.0,837.0,0.2078583555663352,0.5133363135151244,-0.5138492529796878
26.0,3.15,22.0,20.1,0.222,0.224,45.32549,-95.09097,362.0,488.9,0.2567261951181471,-0.1340509074933413,0.0519337016574585
31.0,4.64,27.1,25.8,0.319,0.32,32.16799,-87.11358,28.0,196.8,-0.0213723284589426,-0.2576177285318559,0.5544430538172715
32.2,0.0,25.2,23.7,0.064,0.114,36.47344,-121.15466,295.0,189.7,0.5654533122315171,0.8490773458971339,-0.5215038450583879
27.7,5.25,23.1,21.9,0.313,0.316,41.69639,-87.94167,177.0,28.4,0.0310965630114566,-0.1297709923664122,0.0415512465373961
23.6,0.5,19.7,18.4,0.1,0.169,47.7077,-122.2148,13.0,13.6,0.3737373737373737,0.7502517623363545,-0.534551231135822
25.5,0.07,16.9,15.5,0.087,0.127,39.62503,-106.06645,2689.0,1254.2,0.3007058823529411,0.2551378446115288,-0.0643835616438356
29.1,4.79,24.3,22.6,0.187,0.192,39.78935,-77.27328,140.0,101.6,0.4211550940947436,0.6669156086631814,-0.5655146221040638
22.4,2.67,20.1,17.1,0.29,0.294,46.76902,-92.08982,179.0,207.5,0.0440852314474651,0.052784856206771,-0.085222121486854
30.2,7.03,25.0,23.7,0.292,0.295,38.54925,-91.00458,159.0,454.4,0.2114894602733379,0.5424116144643097,-0.4279512439472366
24.4,4.18,18.3,16.7,0.176,0.179,46.27633,-89.1759,481.0,188.7,0.5736677115987461,0.8197879858657244,-0.6449589966232513
34.1,3.76,28.7,28.3,0.183,0.186,28.00821,-80.79396,7.0,252.5,0.5366906474820143,0.8584615384615385,-0.4922118380062305
20.5,0.84,16.0,15.1,0.191,0.207,48.9027,-121.8373,414.0,148.8,0.4736371760500447,0.8370452344722645,-0.4925742574257425
31.5,2.38,29.1,28.4,0.175,0.179,30.38293,-86.88128,0.0,30.6,-0.1130434782608695,-0.3195876288659793,0.5306122448979592
33.1,11.36,31.2,30.7,0.142,0.146,26.91495,-82.33702,0.0,246.4,-0.06656346749226,-0.3738783649052841,0.7558746736292428
29.1,5.99,24.3,22.9,0.088,0.097,42.78096,-99.33587,545.0,930.5,0.0408457472369053,-0.2518030730636563,0.7074652777777778
23.9,0.34,15.7,14.4,0.137,0.162,45.78473,-115.48408,1318.0,557.4,0.4729729729729729,0.7303191489361702,-0.4517766497461929
27.4,2.69,22.6,21.1,0.281,0.284,41.59221,-85.21385,281.0,198.6,0.1737876802096985,0.4256559766763848,-0.4509298471736328
33.2,0.08,26.3,23.7,0.044,0.096,39.5378,-107.7849,1637.0,1119.7,0.1369845845344028,0.3919646799116998,-0.3948197494047761
31.4,0.0,22.0,19.6,0.058,0.088,40.51072,-123.08296,813.0,280.4,0.238244514106583,0.7213302752293578,-0.5342386593470095
29.4,4.58,26.3,24.8,0.204,0.208,39.43511,-76.24205,0.0,88.4,0.0274693161893629,-0.4258783204798629,0.7254901960784313
28.8,5.93,24.6,23.3,0.302,0.305,38.93984,-85.7772,176.0,343.6,0.2966010733452593,0.57510265830992,-0.48865423500337
34.4,3.98,29.3,28.8,0.296,0.302,26.15942,-80.78771,7.0,71.1,0.7396963123644251,0.7101449275362319,-0.8238453276047261
28.8,1.68,23.0,21.0,0.179,0.184,42.21,-71.35,49.0,35.7,0.5649963451488669,0.6840730739487062,-0.6520769917676429
29.4,0.03,24.9,22.3,0.054,0.095,37.57444,-108.5799,2067.0,952.3,0.2252712188895979,0.5678946431749422,-0.3186394557823129
26.4,3.59,22.5,20.9,0.171,0.178,43.78743,-95.60795,462.0,635.7,0.2545188080117245,0.6133772485431974,-0.5719396484678799
26.4,3.54,21.6,20.0,0.298,0.301,43.31381,-78.71542,90.0,41.8,0.289198606271777,0.5185434929197572,-0.485173501577287
28.0,0.6,23.2,21.9,0.131,0.193,45.30855,-114.5332,1115.0,646.9,0.2361034672537149,0.6048961001992599,-0.4382801664355062
33.5,1.5,28.9,26.7,0.195,0.198,35.79494,-79.00758,68.0,204.0,0.0780141843971631,-0.4016172506738544,0.7993920972644377
25.9,3.13,21.3,21.1,0.138,0.143,41.55552,-70.58781,4.0,99.9,0.1192833569071192,0.4816870144284129,-0.3890152746181345
28.8,5.93,24.7,23.4,0.301,0.304,38.93373,-85.79898,170.0,343.4,0.4065206316861946,0.3214909726266744,-0.6307377049180328
27.6,8.27,23.9,22.7,0.328,0.331,41.89289,-87.82734,195.0,28.6,0.3551515151515151,0.3777777777777777,-0.3211382113821138
31.2,11.01,28.6,27.6,0.273,0.275,30.52126,-94.34352,42.0,136.6,0.3649289099526066,0.6390086206896551,-0.6404019037546271
25.8,4.73,20.0,18.8,0.143,0.144,44.04179,-85.7026,298.0,213.2,0.4387683694891532,0.659736953754773,-0.5505241090146751
26.1,1.75,20.8,19.4,0.096,0.1,42.81784,-72.00317,295.0,94.3,0.56539035305818,0.6770140428677014,-0.6317079814764369
32.2,0.02,23.4,21.3,0.129,0.164,40.96541,-111.91717,1287.0,957.0,0.0027173913043478,0.1692133559705715,-0.2794963044073364
34.5,5.96,29.2,28.4,0.183,0.186,31.15086,-81.47844,2.0,97.0,0.1653846153846153,0.5183129855715871,-0.3994033808418959
28.3,1.95,23.8,22.1,0.169,0.178,40.9744,-76.8,153.0,231.3,0.1227902532250358,0.3507779349363508,-0.3352622061482821
26.3,2.28,21.6,20.5,0.135,0.138,45.35323,-92.96849,267.0,367.5,0.0882070949185043,0.2440381558028616,-0.2846598843008179
26.9,6.32,22.2,20.7,0.266,0.272,44.5434,-92.8041,229.0,434.9,0.2866026003391747,0.5994922246905744,-0.5446516192345436
30.3,2.19,25.2,23.9,0.237,0.237,37.56206,-90.29586,222.0,514.7,0.2541815190567589,0.5107913669064749,-0.4849144268658471
23.8,1.88,18.9,17.2,0.117,0.118,46.06905,-89.3453,510.0,207.9,0.0817120622568093,-0.2665474060822898,0.4394618834080717
31.5,0.4,25.1,23.1,0.074,0.105,35.44806,-105.58,1931.0,1112.2,0.0288220551378446,0.2159838138593829,-0.3951675759937646
32.6,9.44,29.4,29.1,0.176,0.178,26.91136,-80.17601,11.0,123.6,0.2776280323450135,0.4572901325478645,-0.4592484138604197
28.5,2.1,22.2,23.1,0.157,0.163,41.15971,-73.45277,59.0,68.7,0.1823329558323896,0.4575507137490608,-0.5250158328055732
22.3,0.0,22.5,22.4,0.079,0.12,34.41536,-119.68356,4.0,135.4,0.1222527472527472,0.4416775884665793,-0.3417179555793417
32.5,9.15,29.3,28.8,0.26,0.265,28.6358,-80.80201,0.0,204.5,0.0037174721189591,-0.348993288590604,0.7643312101910829
31.4,3.76,26.3,25.2,0.285,0.287,33.81044,-84.24797,300.0,419.4,0.2173240525908739,0.5960079840319361,-0.4600669536107126
26.9,4.77,21.9,20.4,0.224,0.226,40.87641,-74.74188,283.0,65.5,0.0706679574056147,-0.5815485996705108,0.828505214368482
27.2,7.15,25.2,23.2,0.277,0.279,42.57084,-82.79604,177.0,159.8,0.0184738955823293,-0.447867298578199,0.3251533742331288
23.4,0.38,18.2,16.7,0.132,0.132,47.96257,-89.65391,179.0,19.6,-0.3294117647058823,-0.5915492957746479,0.8341968911917098
28.3,1.8,22.2,20.4,0.175,0.18,41.7908,-76.4622,221.0,235.3,0.064516129032258,0.392483056069008,-0.2907089047711029
33.2,5.89,31.1,30.6,0.157,0.16,26.91942,-82.09915,0.0,226.5,0.0106157112526539,-0.4654088050314465,0.329700272479564
25.5,2.39,21.2,19.2,0.246,0.248,45.52416,-92.38723,346.0,325.2,0.0857142857142857,-0.2584269662921348,0.6381909547738693
25.1,2.37,20.3,18.2,0.119,0.12,45.84,-89.76223,481.0,229.3,0.0379746835443038,-0.0604651162790697,0.6531365313653137
29.4,2.71,25.2,23.9,0.288,0.292,39.03284,-93.36754,218.0,571.4,0.1339869281045751,-0.3965744400527009,0.6209964412811388
30.9,4.38,26.3,24.6,0.292,0.294,33.26406,-85.61267,242.0,352.0,-0.0842824601366742,-0.5555555555555556,0.7891891891891892
29.4,3.36,25.5,24.1,0.197,0.199,39.45078,-76.27457,12.0,87.5,0.0336435218324982,0.0721649484536082,-0.0561106840891621
23.8,0.51,17.1,15.6,0.118,0.154,48.39274,-116.75954,805.0,421.5,0.4906666666666666,0.8420835055808186,-0.4106433677521843
26.1,2.17,20.6,19.8,0.142,0.159,43.62959,-70.24921,8.0,79.0,0.314646110721794,0.7253580454928391,-0.5127342623738588
32.9,6.26,29.3,28.4,0.279,0.283,30.0075,-95.38167,44.0,34.2,0.3254000820681165,0.6396317404647085,-0.5126737530662305
35.6,2.84,29.9,29.1,0.176,0.178,28.53365,-81.64641,29.0,196.5,0.0947368421052631,0.0802139037433155,0.0769230769230769
17.2,1.11,15.4,15.2,0.265,0.274,45.5947,-123.94897,2.0,68.3,-0.0005473453749315818,0.2895452778857365,-0.3373329697300245
33.7,6.08,31.3,30.8,0.141,0.143,27.43745,-82.55026,9.0,296.2,0.3476425052779732,0.7640921236798575,-0.4867608120035304
27.8,3.11,24.0,22.3,0.286,0.29,41.35611,-83.10389,174.0,294.1,0.0685557586837294,-0.2510742786985881,0.7109034267912773
33.3,1.43,27.6,26.3,0.221,0.225,36.05949,-78.83224,85.0,223.5,0.4340505144995322,0.6554669703872438,-0.6192584394023243
33.7,2.02,28.4,26.8,0.184,0.184,34.92735,-78.46568,25.0,96.0,0.2343670564311133,0.6749406432117419,-0.4843701640359022
29.4,0.01,22.4,20.1,0.054,0.109,46.67573,-120.45214,398.0,173.5,0.0222517436067751,0.065989847715736,-0.1963882618510158
28.1,0.02,20.1,18.1,0.086,0.13,42.78861,-113.61278,1302.0,864.9,0.1688888888888889,0.6164102564102564,-0.211659489897317
26.1,3.98,21.3,21.1,0.138,0.143,41.62761,-70.52031,8.0,94.6,-0.1791044776119403,-0.2589641434262948,0.5490605427974948
34.6,5.36,29.9,29.4,0.165,0.167,27.8761,-82.3119,7.0,276.0,0.3937947494033413,0.6139817629179332,-0.5423728813559322
29.3,0.04,27.7,26.9,0.085,0.223,41.07725,-112.21688,1284.0,951.8,0.0227452755459997,0.1155264235968865,-0.1375157701571281
30.2,0.98,31.2,30.8,0.162,0.164,26.55646,-82.17361,0.0,214.2,-0.110091743119266,-0.5232100708103855,0.8249611600207146
26.5,1.58,20.7,19.3,0.213,0.222,43.67774,-86.06702,249.0,248.6,0.1464519375943633,0.4421052631578947,-0.476083467094703
28.3,0.0,21.6,20.1,0.1,0.119,39.40078,-123.30357,446.0,191.2,0.4734973370530053,0.7093658126837463,-0.6973850315599639
34.0,5.36,31.4,30.9,0.141,0.143,27.428,-82.4825,7.0,290.3,0.5789473684210527,0.7206595538312318,-0.5438407746100054
29.3,0.13,22.2,20.3,0.091,0.112,37.13862,-104.88535,2159.0,1206.7,0.0927133541253189,0.1280653950953678,-0.3589494163424124
30.2,0.18,21.9,19.2,0.06,0.105,42.01298,-111.92134,1354.0,1015.7,0.145225667792447,0.4996405463695183,-0.3946311562037624
26.4,3.21,21.9,20.5,0.296,0.298,41.89671,-86.09766,245.0,126.4,0.4519600307455803,0.7448559670781894,-0.5922887612797375
30.0,0.16,21.3,19.4,0.037,0.097,39.64268,-106.82984,2012.0,1196.9,0.2345679012345679,0.5357047338860658,-0.3699241410084783
25.7,4.23,21.8,20.1,0.313,0.323,43.2337,-87.98552,205.0,173.4,0.3667466986794718,0.6789898067853339,-0.5413084112149533
29.2,0.79,22.6,20.6,0.17,0.173,42.3,-71.21,33.0,20.5,0.2811515969410706,0.6455976935018851,-0.6649800266311584
32.1,0.37,25.1,23.0,0.104,0.138,40.35135,-104.77506,1430.0,1388.6,0.0102747408880845,0.1555737035524703,-0.2984880083420229
29.2,3.23,25.5,24.3,0.275,0.278,39.17473,-94.39606,224.0,639.8,0.157935735150925,0.449171974522293,-0.5556137822612341
28.5,2.62,22.9,21.5,0.276,0.28,39.97507,-80.04144,244.0,287.2,0.2367149758454106,0.6028154851684263,-0.4795678722404884
25.7,0.48,18.8,17.6,0.147,0.178,44.73039,-123.16255,53.0,179.0,0.4992503748125937,0.4900763358778626,-0.52994555353902
30.9,0.07,25.4,23.2,0.05,0.108,46.84822,-119.57947,164.0,221.8,0.3661224080937594,0.7198636504493338,-0.4671021035443281
26.8,2.16,22.0,20.9,0.139,0.143,45.0937,-93.2454,264.0,403.6,0.3107202680067001,0.6485909479077712,-0.5866515286675857
27.4,1.22,22.3,20.6,0.272,0.277,44.86836,-93.34763,249.0,428.4,0.1789077212806026,-0.0307328605200945,0.4615384615384615
29.3,0.59,23.4,21.1,0.141,0.191,44.6175,-103.48028,872.0,1104.2,-0.0201342281879194,0.1019900497512437,-0.2823158498137002
33.2,5.08,31.3,30.9,0.123,0.121,26.80922,-82.17568,0.0,226.7,0.032258064516129,-0.7355371900826446,0.3316708229426434
28.4,0.06,19.4,17.2,0.095,0.113,40.11801,-111.31462,1968.0,919.7,0.1784749636401413,0.4170720919946926,-0.3734083506070477
24.6,0.02,17.9,16.3,0.056,0.098,38.18196,-106.75212,2809.0,1124.7,-0.0163318398612516,-0.0064405324173465,0.3264401772525849
34.5,2.51,31.0,30.5,0.156,0.16,27.8589,-82.4686,0.0,281.5,-0.0375,-0.2575757575757575,0.7657657657657657
29.7,0.02,28.1,26.7,0.033,0.091,33.99341,-116.8395,1116.0,134.6,0.0488657304441761,0.2145256087321578,-0.4247535028541775
24.3,5.21,19.1,17.2,0.26,0.261,47.73147,-94.59805,406.0,351.2,0.0595482546201232,0.0458333333333333,0.5650118203309693
25.5,3.29,20.5,18.8,0.223,0.227,46.37699,-94.29646,362.0,373.1,-0.0205949656750572,-0.2965116279069767,0.4902654867256637
32.6,0.06,27.4,24.7,0.049,0.095,38.48018,-109.3982,1689.0,940.3,0.0924678505817513,0.2603867747972551,-0.5042191512779748
27.6,5.55,23.7,22.6,0.3,0.303,39.7191,-87.4302,162.0,220.7,0.3113087674714104,0.6717141126589945,-0.5177639333221081
24.4,4.29,18.7,16.3,0.211,0.206,47.6731,-93.73046,418.0,287.3,-0.040650406504065,-0.3195876288659793,0.4558303886925795
25.9,0.31,17.9,15.6,0.077,0.103,40.135,-105.79639,2523.0,1300.4,-0.2368421052631578,-0.5932203389830508,0.2608695652173913
29.7,4.09,23.3,21.8,0.289,0.294,39.10565,-81.83975,200.0,418.8,0.3890367216604576,0.7705376773935638,-0.5045984058859595
29.8,4.82,25.2,24.1,0.153,0.172,39.74525,-75.05206,44.0,138.7,0.3142410830512887,0.6613089880416613,-0.5650928821734051
28.4,3.09,24.1,22.9,0.301,0.306,39.86417,-86.05167,245.0,242.2,0.3949771689497717,0.6777462505066882,-0.561259274112693
26.2,1.91,20.2,19.0,0.143,0.144,43.92583,-85.80151,260.0,224.4,0.1436950146627566,0.4956822107081174,-0.4765694076038904
27.5,3.22,23.5,22.2,0.285,0.29,40.03328,-85.29506,324.0,268.1,0.1232876712328767,0.1344040574809805,0.0613810741687979
27.9,1.73,21.5,19.8,0.205,0.205,41.9636,-75.7417,270.0,202.2,-0.1310679611650485,-0.2328042328042328,0.4587332053742802
34.5,5.52,29.6,29.1,0.163,0.164,28.71215,-81.4431,14.0,178.3,0.5105701473414478,0.7561442706670922,-0.6117989803350328
34.4,4.71,28.4,27.7,0.121,0.121,29.84631,-82.21964,40.0,71.0,0.601593625498008,0.7905027932960894,-0.7394957983193278
24.3,0.62,18.7,17.4,0.123,0.121,48.95334,-96.0252,313.0,466.7,0.4566929133858268,0.5295454545454545,-0.5685714285714286
28.8,2.36,24.2,22.4,0.18,0.187,42.63054,-97.26464,414.0,802.8,0.181857081728712,0.5188726723704077,-0.5393640012349491
28.7,5.83,24.2,22.9,0.297,0.301,38.18082,-86.62695,163.0,400.0,-0.0776255707762557,-0.475,0.5146198830409356
22.8,0.55,18.8,17.2,0.104,0.13,44.12714,-113.38954,1972.0,790.0,0.0335790924893604,0.1485006284790806,-0.2441800488291324
28.8,6.83,24.1,22.9,0.301,0.306,39.93542,-86.09857,233.0,233.4,0.2648870636550308,0.6427145708582834,-0.5222199040267056
33.8,5.94,29.3,28.9,0.181,0.184,26.72482,-81.66846,9.0,178.9,0.3174803946369846,0.635158891142664,-0.4243248142106217
25.3,2.22,19.3,17.1,0.239,0.243,46.72254,-88.4473,276.0,170.7,0.2014742014742014,0.4468085106382978,-0.4398595258999122
25.6,2.76,21.0,19.4,0.241,0.243,44.11524,-92.17468,320.0,456.0,0.1267000715819613,0.5746164574616457,-0.4823815309842041
33.8,7.18,30.5,30.1,0.176,0.18,28.01646,-82.44371,7.0,264.0,0.6271899088997898,0.6513761467889908,-0.6985871271585558
28.7,5.49,24.3,22.8,0.19,0.195,40.68,-74.52889,87.0,44.6,0.2126036484245439,0.6113930266819446,-0.5016956816640289
35.2,0.05,30.8,28.4,0.039,0.079,38.56599,-109.47718,1395.0,939.1,0.0356930398572278,0.2803551609322974,-0.3803713527851459
31.1,0.09,26.2,23.8,0.05,0.097,40.15468,-110.55488,1751.0,969.0,-0.0366214742091319,0.1340796667534496,-0.178066378066378
26.9,11.92,21.8,20.5,0.306,0.309,42.12221,-88.14239,259.0,65.0,0.078125,0.0923076923076923,0.1839080459770115
27.0,0.12,19.5,17.4,0.094,0.137,43.59,-111.77,1532.0,931.6,0.0526968381897086,0.1295100645651348,-0.3381450739805124
25.4,4.24,21.1,19.5,0.249,0.251,45.53984,-94.82472,365.0,457.9,0.218014329580348,0.5994757536041939,-0.5203709837694601
30.8,6.02,26.4,25.1,0.284,0.285,32.78549,-85.6428,191.0,303.5,0.2633962264150943,0.5603603603603604,-0.6436931079323797
27.6,1.11,21.8,20.5,0.1,0.101,42.01723,-71.78725,199.0,77.6,0.26047976738551,0.5672149744753262,-0.6267818574514039
25.4,0.74,18.4,17.2,0.158,0.186,43.41691,-122.77963,498.0,155.6,0.4066666666666667,0.6516634050880626,-0.5373737373737374
28.6,2.28,24.3,22.9,0.267,0.272,39.8494,-84.0364,250.0,363.8,0.2378600823045267,0.2145886344359626,-0.341606792945787
33.0,23.92,30.2,29.4,0.177,0.181,28.69577,-81.18408,2.0,185.2,0.4238300696979754,0.746050321825629,-0.5654450261780105
32.5,5.54,29.1,28.1,0.298,0.343,29.57328,-99.4031,396.0,277.6,-0.1027271442701709,0.1999179823662087,-0.1779704232534421
25.7,6.92,22.3,20.8,0.21,0.215,43.8893,-93.35101,368.0,519.7,0.1868014901543374,0.538647342995169,-0.4592645998558038
25.9,0.37,18.0,15.7,0.091,0.117,43.54707,-115.24113,1610.0,710.1,0.3967828418230563,0.6789154477345701,-0.47
28.6,4.54,24.5,23.1,0.2,0.204,40.00917,-76.16222,105.0,142.8,-0.0356149137451307,0.0701973519860104,-0.056986301369863
29.5,9.45,24.9,23.6,0.289,0.292,37.84212,-93.16357,313.0,640.1,0.1442786069651741,0.4618885096700796,-0.3649379573655743
33.0,3.55,29.8,29.3,0.153,0.155,27.72088,-82.46987,4.0,296.4,0.4168119986048134,0.7587301587301587,-0.5548846236791029
24.2,1.14,17.7,17.7,0.094,0.157,47.31926,-123.13981,4.0,70.4,0.0626702997275204,0.0826666666666666,-0.273356401384083
29.1,4.05,23.0,21.8,0.265,0.264,37.39956,-81.5795,494.0,433.7,0.2235658914728682,0.4036675398904501,-0.6888400219901044
26.2,2.54,20.3,18.6,0.238,0.238,41.81868,-78.29279,448.0,130.2,0.0024918535556833,0.207673568818514,-0.1782793588485443
33.1,4.32,30.0,29.0,0.327,0.334,29.95556,-95.48333,37.0,29.5,0.2545168892380204,0.4319066147859922,-0.4650278021656424
32.0,8.54,27.7,26.5,0.238,0.238,33.3528,-93.4931,82.0,444.5,0.1043956043956044,-0.2490421455938697,0.2851711026615969
27.2,0.04,18.6,17.6,0.138,0.167,42.88024,-123.26786,360.0,100.9,0.4167589516426725,0.7607148265939724,-0.5292307692307693
31.1,3.29,26.1,24.9,0.304,0.308,34.0179,-84.3525,288.0,434.9,0.1785714285714285,0.4608058608058608,-0.4331323164242639
35.9,0.0,34.0,32.4,0.069,0.197,35.37722,-118.86749,217.0,161.7,0.0385407679983097,0.1110127109814544,-0.3821915383253673
40.7,0.0,37.9,36.8,0.04,0.131,32.74117,-115.97196,89.0,115.0,0.045796508655321,0.059060789397868,-0.2163725773792305
32.7,0.18,28.5,26.4,0.047,0.115,38.76942,-112.83188,1575.0,721.4,0.0829269246181061,0.2352598400169518,-0.3044770156558216
30.7,0.3,26.1,23.8,0.065,0.116,41.03367,-116.99317,1410.0,594.0,0.0846102598267821,0.1496472335685109,-0.4821543170262131
31.1,0.04,24.2,21.3,0.051,0.086,40.0269,-111.50408,1524.0,901.2,0.209351195166798,0.4524285974167727,-0.4016987777087217
25.5,2.45,21.9,20.0,0.222,0.224,45.37479,-95.09023,381.0,485.5,0.2335195530726257,0.6304277556297813,-0.4760398929700802
32.2,2.19,26.4,25.1,0.213,0.22,35.49331,-81.68133,278.0,341.4,0.1389660922734852,0.3446160355405119,-0.4187891440501043
28.5,4.02,23.7,22.5,0.179,0.178,35.35267,-82.4642,637.0,369.2,0.1471215351812366,0.3925588458618071,-0.5555555555555556
21.6,0.01,17.8,17.5,0.054,0.115,39.27768,-119.94128,2289.0,276.6,0.3186727644254159,0.5016015374759769,-0.4435134886290396
34.6,1.74,28.8,27.1,0.07,0.131,38.158,-102.81,1173.0,1161.8,0.1491213389121339,0.3896758703481393,-0.4645920117618231
28.1,6.25,24.5,22.8,0.279,0.28,39.44167,-85.00306,224.0,333.4,-0.0888888888888888,-0.4,0.5087719298245614
26.5,3.24,21.6,20.0,0.283,0.291,46.7754,-96.64387,281.0,523.1,0.3516286227237753,0.6117936117936118,-0.6138814016172507
33.0,0.0,25.7,24.3,0.043,0.102,33.93836,-116.85947,731.0,133.0,0.0381170589460529,0.0432981147710793,-0.215338185691461
27.5,2.18,23.2,22.0,0.283,0.288,40.44778,-86.04512,255.0,190.7,0.1295884315906562,0.4351200144378271,-0.4531365313653137
27.0,2.96,22.0,20.8,0.114,0.118,41.5522,-73.0872,183.0,121.8,-0.0070921985815602,-0.3786407766990291,0.3909774436090225
31.8,7.54,30.8,30.4,0.164,0.167,26.48161,-80.08181,6.0,76.7,-0.1705426356589147,-0.2635983263598326,-0.2049861495844875
32.4,0.12,28.3,26.0,0.101,0.245,40.90939,-111.91105,1287.0,952.4,0.07596807567248,0.1470668485675307,-0.2316874660879001
28.7,0.06,20.7,18.8,0.086,0.131,42.63739,-113.91795,1279.0,857.7,0.0279329608938547,0.1391697139169714,-0.1877912395153774
28.8,3.61,24.9,23.7,0.292,0.296,38.96453,-92.44606,205.0,511.0,0.3120046962136777,0.5253138922640745,-0.5449077786688051
32.7,0.91,26.3,24.8,0.05,0.073,40.29704,-104.24193,1368.0,1403.1,0.0724181360201511,0.27384767069263,-0.5716744861106423
34.1,0.95,28.8,26.8,0.214,0.216,34.07627,-81.47241,108.0,203.5,-0.0317948717948717,-0.3324503311258278,0.8554838709677419
36.9,0.01,32.5,30.2,0.041,0.085,38.52403,-109.99442,1211.0,898.1,0.0584164461632403,0.1322453573438379,-0.3235695226801067
32.0,5.05,26.3,25.0,0.226,0.233,36.18893,-79.73439,221.0,276.9,-0.0575916230366492,-0.3835616438356164,0.728110599078341
28.1,0.03,20.1,18.1,0.086,0.13,42.77,-113.65417,1307.0,863.7,0.0949194547707558,0.3011863758132415,-0.2011577424023155
35.9,0.26,29.1,27.5,0.048,0.09,34.84088,-111.78473,1244.0,554.2,0.1777167516673205,0.3091628213579433,-0.527366387636832
29.2,6.52,23.2,23.9,0.173,0.186,40.1157,-74.175,18.0,66.6,0.2597498160412068,0.5740897544453852,-0.5437280187573271
25.4,1.41,19.7,18.4,0.105,0.108,43.432,-72.0919,400.0,103.3,-0.0463576158940397,-0.2950819672131147,0.4519230769230769
30.5,5.92,25.8,24.6,0.301,0.302,36.48027,-92.12858,206.0,699.5,0.0602032838154808,0.2946009389671361,-0.3680473372781065
31.0,2.39,27.4,26.6,0.275,0.28,36.9549,-76.3928,0.0,19.1,-0.0323974082073434,-0.479876160990712,0.823045267489712
24.8,3.73,23.3,21.4,0.329,0.338,42.96668,-87.84167,175.0,142.2,-0.2074074074074074,-0.4361233480176211,0.7975133214920072
32.7,1.12,31.2,30.7,0.142,0.146,27.0451,-82.4191,5.0,260.8,0.2110091743119266,0.2756508422664624,-0.436470953712333
27.7,5.32,23.1,21.9,0.16,0.165,44.91308,-93.20715,223.0,417.8,0.412251655629139,0.7655217965653897,-0.5251368840219014
27.3,5.83,23.2,22.0,0.28,0.285,40.55644,-86.39198,224.0,162.5,0.0339066339066339,0.3152211772901428,-0.2997711670480549
31.8,1.22,30.9,30.5,0.154,0.157,25.61061,-80.31011,12.0,14.9,0.1387302653678199,0.1992504684572142,-0.3035267981116356
33.2,2.24,31.2,30.7,0.142,0.146,27.0048,-82.3825,5.0,255.3,0.2158940397350993,0.4211212516297262,-0.4380220514533912
31.9,7.64,28.4,27.5,0.26,0.259,30.40186,-91.03677,13.0,106.0,0.1204527081649151,0.3397256948658818,-0.353596757852077
26.1,1.36,19.5,18.4,0.16,0.187,45.23366,-122.7502,33.0,150.1,0.0167173252279635,0.2143290831815422,-0.2490706319702602
31.1,0.0,26.9,25.7,0.037,0.095,34.04682,-117.03588,836.0,116.6,0.0406648857227664,0.2247541376828975,-0.3724502644170234
33.7,3.62,29.8,29.3,0.153,0.155,27.58326,-82.5461,8.0,306.0,0.3259638716635211,0.6853762899572112,-0.5293352836014952
27.7,6.88,23.3,22.0,0.293,0.298,39.88583,-86.35554,275.0,227.3,0.1587920116902094,0.4000347403161369,-0.4319755272902914
25.4,1.88,19.9,18.1,0.196,0.215,45.74191,-68.73324,155.0,177.6,0.2847290640394088,0.5107816711590296,-0.4376854599406528
33.0,0.0,25.3,22.6,0.078,0.114,38.9879,-122.8631,413.0,135.8,0.304257528556594,0.7002237136465325,-0.5840363400389358
30.0,3.19,25.3,23.9,0.253,0.255,38.06607,-75.4913,7.0,157.9,0.3300395256916996,0.641333098219009,-0.5635616949785328
25.8,1.55,18.0,16.6,0.111,0.142,48.61001,-117.36788,647.0,383.0,0.1122161445383722,0.326797385620915,-0.5606985963784421
24.7,0.25,20.3,18.1,0.092,0.12,40.97267,-109.97537,2334.0,1067.0,0.1491477272727272,0.4419471293816234,-0.3884032634032634
27.5,2.61,23.6,22.6,0.166,0.171,44.93989,-93.31044,255.0,420.2,0.0186666666666666,-0.3939393939393939,0.6802030456852792
26.7,5.56,21.9,21.0,0.284,0.285,35.68054,-83.39951,759.0,453.9,0.4414236282748393,0.8068045819798256,-0.6095238095238096
33.1,0.01,26.6,25.2,0.048,0.098,32.61625,-116.19281,868.0,94.7,-0.071921749136939,0.2203389830508474,-0.2211605686320205
32.9,13.08,30.3,29.7,0.185,0.189,25.91648,-81.58071,0.0,138.8,-0.0509296685529506,-0.5921616656460502,0.8183333333333334
27.8,3.45,24.0,22.7,0.288,0.293,39.53978,-85.89472,244.0,280.0,0.2543197858359698,0.5608427690984664,-0.515212640779963
33.6,0.0,24.2,22.5,0.08,0.117,38.92547,-122.6166,413.0,125.6,0.0049861495844875,0.2311643835616438,-0.0163766632548618
26.3,1.59,21.0,19.4,0.189,0.198,43.92277,-85.22498,309.0,178.3,0.2428904428904429,0.5549465607015621,-0.4943603851444291
28.7,3.67,24.9,23.4,0.264,0.267,39.8244,-83.0244,212.0,438.1,0.2017787659811006,0.4297061159650516,-0.3852140077821012
26.7,2.72,21.6,21.1,0.271,0.276,41.57183,-70.91705,0.0,92.3,-0.0798122065727699,-0.15,0.7791798107255521
31.1,3.02,27.2,25.3,0.278,0.279,32.90371,-85.87341,149.0,305.4,-0.0652631578947368,-0.3901098901098901,0.8245614035087719
33.9,1.78,30.5,30.1,0.176,0.18,27.85964,-82.55344,0.0,283.7,-0.0947368421052631,-0.4054054054054054,0.6272401433691757
27.9,3.43,23.4,22.1,0.293,0.298,39.84736,-86.34653,269.0,231.5,-0.0605319913731128,0.196426625994117,-0.19540803593711
33.4,0.86,27.7,26.5,0.285,0.287,35.23751,-93.13069,106.0,651.4,0.228486646884273,0.3767479025169796,-0.4465133260313983
20.7,0.76,15.3,14.5,0.159,0.191,46.9354,-122.057,435.0,76.1,0.7058152793614595,0.8467023172905526,-0.7828646173969915
27.3,4.03,22.7,21.2,0.272,0.275,41.51708,-85.1443,285.0,205.2,-0.0033898305084745,-0.0349650349650349,0.2312138728323699
32.9,2.24,29.5,29.1,0.184,0.188,30.22667,-85.71,0.0,144.3,-0.1350114416475972,-0.2431077694235588,0.6815286624203821
32.7,6.59,29.8,29.1,0.175,0.179,30.38295,-87.27539,13.0,7.5,0.1252549979600163,0.3824884792626728,-0.3607164916615195
26.3,2.44,21.6,20.0,0.283,0.291,46.78148,-96.62374,277.0,521.5,0.3317557974443919,0.7252918287937743,-0.5512348922753547
32.6,3.42,31.2,30.7,0.142,0.146,26.97873,-82.39014,0.0,254.5,0.0681063122923588,-0.6923076923076923,0.6645569620253164
28.6,0.04,21.4,19.2,0.118,0.162,41.50133,-111.92688,1570.0,993.5,0.0748031496062992,-0.3857493857493858,0.6705314905852889
27.4,0.36,22.2,20.0,0.15,0.163,46.41454,-100.6355,493.0,827.6,0.3021027415491083,0.5768920445376795,-0.5046030918881362
22.1,3.22,16.4,17.1,0.292,0.295,47.33753,-91.20011,206.0,115.8,0.0794747753973738,0.0704815073272854,-0.0975143403441682
26.2,0.14,19.5,18.1,0.08,0.11,37.70259,-105.38002,2609.0,1208.2,0.1536185095507129,0.3137996219281663,-0.376007030906694
26.8,0.14,19.6,17.2,0.064,0.097,38.71527,-106.85337,2499.0,1147.7,-0.0988768551945447,-0.0623364032961706,0.5594029850746268
32.1,1.87,28.9,25.9,0.272,0.273,32.73451,-86.03588,157.0,282.0,-0.0455808782657031,0.2782041442824252,-0.2385948905109489
35.2,3.84,29.8,29.1,0.176,0.178,28.51779,-81.57083,27.0,198.6,0.1428571428571428,-0.3448275862068966,0.0263157894736842
25.6,0.11,16.7,15.4,0.128,0.153,39.97768,-105.79192,2580.0,1292.7,0.0916405900759946,0.1608853650479022,0.4060853306136325
33.8,1.62,28.5,27.3,0.074,0.073,32.3827,-81.17936,12.0,128.5,-0.0047846889952153,-0.3680781758957654,0.5807050092764379
32.9,3.84,31.7,31.3,0.135,0.135,27.70774,-82.68457,0.0,303.7,-0.17357910906298,-0.8277511961722488,0.8160337552742616
28.5,0.54,20.7,19.3,0.143,0.193,46.07633,-115.41138,507.0,550.5,0.3787731256085686,0.6940047961630695,-0.4916013437849944
25.7,2.58,19.7,18.5,0.165,0.169,44.26042,-86.08341,185.0,231.6,0.26878612716763,0.02504816955684,-0.2751269035532995
28.5,2.98,24.2,22.7,0.269,0.274,39.9183,-83.8483,272.0,372.7,0.3884498480243161,0.7256613035178621,-0.5282442748091603
23.9,6.58,18.9,17.5,0.26,0.261,47.37716,-95.31692,456.0,409.9,-0.1245551601423487,-0.7362637362637363,0.5615615615615616
27.4,0.04,20.2,18.0,0.064,0.103,38.58777,-106.93143,2376.0,1134.4,0.1352154531946508,0.3718294657312466,-0.3537719600413365
24.5,2.82,19.4,17.1,0.241,0.239,47.60221,-93.99318,400.0,307.8,-0.0129870129870129,-0.0218340611353711,0.3140376266280753
32.2,7.0,29.6,28.9,0.175,0.18,30.52394,-86.49922,7.0,68.6,0.2800702370500439,0.6316262353998203,-0.4287469287469287
26.9,4.98,22.8,20.7,0.273,0.279,45.04888,-93.50725,283.0,420.4,0.088115396676074,0.2161725067385444,-0.2884510125889436
28.7,0.98,23.2,21.0,0.168,0.177,42.23872,-73.82916,0.0,171.7,0.1646655231560892,-0.1080773606370876,0.8162544169611308
27.5,4.02,23.6,22.1,0.282,0.286,41.2769,-82.5922,212.0,304.6,0.4076433121019108,0.780253164556962,-0.5028304208712774
31.7,1.66,28.3,27.6,0.175,0.174,29.85163,-81.30175,0.0,62.9,-0.1066282420749279,-0.4436090225563909,0.7595307917888563
27.0,5.0,22.4,20.5,0.218,0.221,40.99698,-74.44823,284.0,50.1,0.3131672597864768,0.4070660522273425,-0.4542916957431961
31.9,3.33,28.6,28.1,0.172,0.173,29.00772,-80.91018,0.0,162.7,-0.2010652463382157,-0.1505102040816326,0.3434343434343434
27.7,1.99,23.3,22.1,0.287,0.291,40.37054,-86.91596,173.0,158.6,0.1073881722231529,0.3279515640766902,-0.297509095997761
27.8,2.01,21.9,20.6,0.105,0.108,41.83868,-71.94311,109.0,99.7,0.2363102630687592,0.6013202876340918,-0.6362704454661944
29.4,3.2,24.8,23.3,0.19,0.195,40.58802,-74.40922,14.0,36.7,0.3369594778351917,0.6784913622576817,-0.5547469401257029
32.3,3.91,27.2,25.9,0.385,0.386,32.35118,-86.67344,40.0,222.6,0.0526315789473684,-0.2531645569620253,0.5303030303030303
32.1,7.21,28.8,28.1,0.144,0.142,30.66338,-81.48418,0.0,45.4,0.0033955857385398,-0.530638852672751,0.7580645161290323
26.6,1.75,20.5,18.6,0.147,0.156,46.59528,-101.80987,647.0,909.7,0.143103448275862,0.403003003003003,-0.5636264336428182
27.9,0.03,19.3,17.4,0.037,0.097,39.5418,-106.75532,2317.0,1197.3,0.1988349514563107,0.2173748103186646,0.1379195746095048
31.1,9.8,27.1,25.9,0.284,0.286,32.01064,-87.47435,29.0,181.0,0.2880658436213992,0.6690578670492587,-0.428743961352657
25.5,3.22,20.5,19.0,0.096,0.1,42.85978,-72.0553,355.0,97.7,-0.037037037037037,-0.2804878048780488,0.5402843601895735
27.0,3.07,22.4,20.4,0.268,0.272,44.96385,-93.67218,290.0,436.0,0.3076923076923077,0.6200091785222579,-0.5722433460076045
27.8,1.74,22.3,20.5,0.162,0.177,43.12171,-70.85431,0.0,4.4,-0.0692307692307692,-0.4866310160427807,0.7946768060836502
31.5,9.95,28.4,27.2,0.266,0.264,32.48182,-92.15432,28.0,347.3,0.134388143400761,0.245658434418361,-0.316063584076808
29.1,2.85,23.2,23.8,0.173,0.186,40.17134,-74.07981,21.0,59.2,0.2528616024973985,0.6627524659464538,-0.6132723112128147
28.4,0.02,20.0,18.0,0.086,0.132,42.74525,-113.69788,1297.0,862.9,0.1407982261640798,0.3975903614457831,-0.201430274135876
28.5,2.54,24.6,23.3,0.297,0.301,39.06838,-85.79876,188.0,330.0,-0.0282538212135247,0.3501170960187353,-0.1475661172863166
26.8,3.26,22.8,21.3,0.282,0.285,41.3267,-85.471,270.0,182.1,0.1219971738106453,0.4853672004417449,-0.4480127186009539
32.5,3.46,28.8,28.0,0.13,0.131,29.76763,-84.99305,7.0,223.7,-0.0805700578524058,-0.4385903392653633,0.6320300835038434
40.7,0.0,36.8,36.0,0.03,0.097,33.78585,-116.53619,153.0,135.6,-0.0544164597374955,0.1749177665820044,-0.2674904515839137
22.8,0.13,15.6,14.4,0.144,0.189,39.84583,-105.75139,2918.0,1289.2,0.2322344322344322,0.6692963079835911,0.1473851030110935
30.9,7.85,27.4,25.9,0.165,0.165,35.1462,-89.72786,109.0,542.1,0.2582441451759409,0.5576021670003533,-0.5236470880858473
28.6,0.05,22.4,20.3,0.077,0.131,42.93517,-112.54406,1335.0,921.9,0.4622754491017964,0.7799558931634404,-0.5517651725505752
24.9,2.18,20.4,18.3,0.219,0.226,47.90405,-94.73025,359.0,360.0,0.4445797807551766,0.544682975536695,-0.6330480089318943
32.2,0.0,24.6,21.9,0.078,0.114,38.9425,-122.81556,514.0,130.0,0.2098609355246523,0.5869134170522141,-0.4027894215379926
32.3,1.05,30.9,30.4,0.149,0.151,28.03412,-82.77985,13.0,272.9,0.2704114957544088,0.6676089867579229,-0.5353167375025298
16.9,5.27,13.2,12.7,0.33,0.332,55.94657,-132.09278,0.0,1144.5,0.0526315789473684,-0.1004366812227074,0.5874125874125874
28.6,2.23,24.7,23.3,0.149,0.156,39.94817,-74.10153,0.0,84.0,-0.0701754385964912,-0.3863636363636363,0.7
34.1,3.6,28.1,26.5,0.195,0.198,35.086,-79.99883,57.0,215.8,-0.1251885369532428,-0.1002949852507374,0.3633633633633634
25.4,1.39,20.4,18.4,0.26,0.262,46.8257,-95.8242,413.0,461.8,0.3932461873638344,0.7254128666502342,-0.5417543859649123
25.2,4.08,21.3,19.6,0.348,0.346,47.78944,-96.49083,267.0,491.9,-0.0764730463852904,0.1464546056991385,0.0351020408163265
26.2,2.58,21.2,19.3,0.096,0.1,43.36143,-71.9501,277.0,89.9,0.0408163265306122,0.0,0.4933333333333333
23.8,6.78,18.7,17.5,0.23,0.233,47.57472,-95.08768,439.0,389.6,0.4190231362467866,0.7526450200656695,-0.5805852299117511
24.8,0.56,21.4,19.9,0.107,0.165,44.94911,-115.58683,1341.0,593.9,0.3350808213193534,0.6488232579603138,-0.495026778882938
33.3,7.81,29.2,28.9,0.189,0.191,26.41836,-81.50297,5.0,147.2,0.1398963730569948,-0.2613981762917933,0.648506151142355
26.8,5.23,22.7,21.4,0.299,0.302,41.55367,-86.38429,227.0,102.3,0.3106338397066527,0.7139130434782609,-0.5857180362299816
26.8,1.3,21.9,21.1,0.144,0.149,41.73595,-70.6462,0.0,79.4,-0.1741935483870967,-0.3582089552238806,0.7060931899641577
35.0,2.37,28.8,28.1,0.12,0.12,29.9116,-82.8603,9.0,119.7,0.8207547169811321,0.3936170212765957,-0.8847117794486216
27.7,1.4,23.8,22.4,0.268,0.276,41.45472,-97.28944,452.0,806.0,0.2819979188345473,0.6215030170049369,-0.5716141604417019
28.5,0.0,21.5,20.1,0.081,0.123,35.65493,-120.88475,386.0,278.6,0.1514664523905182,0.4424498416050686,-0.4695806261075014
23.8,2.82,18.2,16.4,0.284,0.287,46.6639,-92.4814,344.0,238.3,0.1781011781011781,0.4450163781001404,-0.5227272727272727
30.7,7.19,25.2,23.5,0.184,0.187,38.58734,-77.4286,99.0,50.9,0.3115727002967359,0.7017036322725811,-0.5839618896387455
33.6,4.39,28.9,28.6,0.184,0.187,26.40907,-81.39787,17.0,137.5,0.2367409684857801,0.7127567254845242,-0.5496984587893678
33.6,2.68,29.6,28.7,0.178,0.179,30.28147,-81.57232,2.0,12.4,-0.1553090332805071,0.0915887850467289,0.014367816091954
29.2,4.64,23.9,22.4,0.196,0.199,40.3353,-76.4628,141.0,166.1,0.3606010016694491,0.8078755956859794,-0.4932871372888696
32.8,13.49,28.0,27.2,0.231,0.243,30.50689,-85.58417,31.0,155.3,0.0010863661053775,0.212504014559469,-0.3557046979865771
26.5,6.32,22.1,20.2,0.219,0.22,45.1794,-95.05364,365.0,496.7,0.2696684809500247,0.5962800875273523,-0.5476117103235747
34.2,2.42,28.1,26.5,0.196,0.202,35.15688,-80.16583,68.0,232.9,0.0023180343069077,0.2221218145671426,-0.1820103786277147
32.7,0.66,28.0,26.5,0.173,0.172,35.12922,-94.04878,149.0,616.9,-0.0954249307080378,0.2231978762507658,-0.1747235083847132
27.0,0.06,22.9,20.7,0.055,0.103,36.95132,-106.12396,2492.0,1115.1,0.1377137713771377,0.3722149410222805,-0.2818911685994648
24.4,3.71,21.3,19.1,0.235,0.245,46.36652,-93.89782,380.0,347.1,-0.075,-0.2198581560283688,0.3454545454545454
30.1,0.18,24.8,22.5,0.048,0.098,40.12718,-110.74182,1863.0,955.3,0.1802278275020341,0.4645229869784746,-0.4658348187759952
31.2,0.03,24.6,22.0,0.059,0.093,40.66254,-122.78779,798.0,276.9,0.6861397479954181,0.9204875217643644,-0.7032258064516129
26.4,3.36,21.8,20.2,0.252,0.255,44.9058,-93.89775,289.0,452.4,0.2562574493444577,0.6196281621456873,-0.4892638036809816
29.2,2.85,24.7,23.4,0.294,0.297,39.1774,-91.86066,232.0,456.7,0.1928783382789317,0.5070840197693575,-0.3963124881201292
31.7,7.7,29.6,28.9,0.175,0.18,30.4162,-86.5343,0.0,63.9,-0.12,-0.2444444444444444,0.8117647058823529
23.9,1.44,17.2,16.1,0.282,0.287,45.03709,-67.20083,110.0,35.4,0.3776301218161683,0.6498442367601246,-0.4352159468438538
29.5,0.0,23.1,21.6,0.049,0.102,33.53229,-116.69786,1152.0,103.7,0.1033489377025567,0.272992700729927,-0.5230920406157878
24.0,0.01,19.0,18.4,0.053,0.109,39.08448,-119.91719,2074.0,266.4,0.3102291783119061,0.7240731630964626,-0.3919035314384151
30.7,1.6,26.1,24.5,0.172,0.179,38.97168,-75.44719,8.0,134.5,0.2154065620542082,0.4264859228362878,-0.5405192761605035
28.5,4.1,24.1,22.8,0.292,0.295,39.00922,-85.50087,214.0,348.1,0.1082402234636871,0.2670397474530062,-0.3188263372174645
15.1,5.14,12.4,12.2,0.362,0.364,58.2408,-134.64205,0.0,1439.0,-0.1043771043771043,-0.2862745098039215,0.9731285988483686
33.4,8.51,28.6,28.1,0.165,0.166,28.81423,-81.41933,18.0,167.4,0.1941923774954627,0.5501519756838906,-0.2812887236679058
23.3,1.25,16.1,14.8,0.103,0.141,47.61032,-115.823,937.0,485.5,0.4956736711990111,0.8501652589056188,-0.4190268700072622
29.4,0.72,24.3,22.4,0.22,0.225,42.36,-71.15,9.0,13.1,0.0616046966731898,0.053529133112269,0.0247127861806761
28.7,1.93,23.3,22.1,0.118,0.123,41.2046,-73.18765,7.0,88.3,0.1572123176661264,0.3564356435643564,-0.4235441977377461
27.7,2.58,24.0,22.6,0.255,0.263,41.14862,-97.56423,509.0,832.6,0.2273650937006096,0.5487274165897402,-0.5495548961424332
24.1,1.04,17.8,15.9,0.072,0.07,48.07658,-90.69265,529.0,62.2,-0.0021211407023332,-0.083312101910828,0.834648940589946
30.0,0.0,20.5,19.2,0.105,0.128,39.1046,-123.1237,495.0,154.9,0.1326007326007326,0.2840359364201796,-0.4706060912678336
30.1,0.44,30.9,30.5,0.159,0.161,25.71883,-80.10008,0.0,10.2,-0.875,-1.0,0.8364116094986808
23.5,4.78,19.1,17.8,0.158,0.162,44.26281,-71.45708,483.0,136.8,0.3504950495049505,0.4462577377602701,-0.5327433628318584
33.6,5.95,27.4,25.9,0.222,0.225,35.43121,-80.0164,102.0,236.8,-0.0264672036823935,0.0762858129099068,-0.0113895216400911
