system:index,lat,lon,mndwi,ndci,ndvi,.geo
0,40.11606,-104.81825,-0.04101675332177932,0.14832535885167458,-0.017998317914213663,"{""type"":""Point"",""coordinates"":[-104.81825,40.11606]}"
1,37.61242,-120.65653,-0.254739336492891,0.03358175451198703,0.19986618592721994,"{""type"":""Point"",""coordinates"":[-120.65652999999999,37.61242]}"
2,43.64356,-96.19319,-0.6068270614846802,0.3420110641067361,0.6411712511091393,"{""type"":""Point"",""coordinates"":[-96.19319,43.64356000000001]}"
3,40.81693,-75.07663,-0.437160751565762,0.14045259023751636,0.4048174048174048,"{""type"":""Point"",""coordinates"":[-75.07663,40.81692999999999]}"
4,28.3176,-81.52107,-0.7363515312916112,0.6093023255813953,0.5675675675675675,"{""type"":""Point"",""coordinates"":[-81.52107,28.3176]}"
5,39.48827,-105.09275,-0.5625356938892062,0.3101449275362319,0.38817480719794345,"{""type"":""Point"",""coordinates"":[-105.09275,39.48827]}"
6,45.6912,-96.7553,0.7007299270072993,0.14545454545454545,-0.10588235294117647,"{""type"":""Point"",""coordinates"":[-96.7553,45.6912]}"
7,45.26329,-94.31249,-0.4495538778311599,0.16652789342214822,0.4339836019225332,"{""type"":""Point"",""coordinates"":[-94.31249,45.26329]}"
8,35.04176,-89.85648,-0.2467410083241715,-7.49063670411985E-4,0.14262794801861062,"{""type"":""Point"",""coordinates"":[-89.85648,35.04176]}"
9,30.24473,-83.24972,-0.3114754098360656,-0.15508021390374332,0.11836734693877551,"{""type"":""Point"",""coordinates"":[-83.24972,30.244730000000004]}"
10,40.83525,-74.6446,-0.3998044965786901,0.16034719049794427,0.3957922419460881,"{""type"":""Point"",""coordinates"":[-74.6446,40.83525]}"
11,26.93597,-82.12165,0.35410764872521244,-0.005235602094240838,-0.2549019607843137,"{""type"":""Point"",""coordinates"":[-82.12165,26.935969999999998]}"
12,44.69361,-93.78834,-0.4674652872311462,0.1329394387001477,0.41343992005995506,"{""type"":""Point"",""coordinates"":[-93.78834,44.69361]}"
13,40.18707,-110.7701,-0.3289264939185616,0.01721170395869191,0.23560910307898258,"{""type"":""Point"",""coordinates"":[-110.77010000000001,40.187070000000006]}"
14,25.59,-80.1,0.9175704989154013,-1.0,-0.047619047619047616,"{""type"":""Point"",""coordinates"":[-80.1,25.590000000000003]}"
15,43.2165,-71.76639,0.39436619718309857,0.0205761316872428,0.02857142857142857,"{""type"":""Point"",""coordinates"":[-71.76639,43.2165]}"
16,48.323,-119.432,-0.527907967618236,0.5345195729537366,0.8280305022350776,"{""type"":""Point"",""coordinates"":[-119.43200000000002,48.323]}"
17,44.85179,-93.54161,0.6945010183299389,0.08928571428571429,-0.3246753246753247,"{""type"":""Point"",""coordinates"":[-93.54161000000002,44.85179]}"
18,41.34888,-96.00111,-0.2769280136913039,0.054061251664447404,0.20439018927091498,"{""type"":""Point"",""coordinates"":[-96.00111,41.34888000000001]}"
19,40.11165,-108.7125,0.8604651162790697,-0.2736660929432014,-0.8407960199004975,"{""type"":""Point"",""coordinates"":[-108.7125,40.11165]}"
20,30.08402,-83.07492,-0.672289156626506,0.44175824175824174,0.560933448573898,"{""type"":""Point"",""coordinates"":[-83.07492,30.08402]}"
21,58.35584,-134.48569,-0.2773063235696688,0.18591934381408065,0.6017388396589199,"{""type"":""Point"",""coordinates"":[-134.48569,58.35583999999999]}"
22,42.65972,-113.91194,-0.29924135993256534,0.10009017132551848,0.38204334365325077,"{""type"":""Point"",""coordinates"":[-113.91194000000002,42.65972000000001]}"
23,41.28002,-82.42024,-0.3705841607019164,0.08422664624808576,0.5557206537890045,"{""type"":""Point"",""coordinates"":[-82.42024,41.28002]}"
24,40.59134,-110.11432,-0.5669740887132192,0.41978749033638374,0.6011994991102618,"{""type"":""Point"",""coordinates"":[-110.11432000000002,40.59134]}"
25,33.76022,-84.42814,-0.6110146365666088,0.30680100755667505,0.7764782326185835,"{""type"":""Point"",""coordinates"":[-84.42814,33.76021999999999]}"
26,26.94433,-82.2177,-0.6681443951868271,0.5023576351106275,0.7547372184483375,"{""type"":""Point"",""coordinates"":[-82.2177,26.944329999999994]}"
27,41.4134,-85.8645,-0.5715239154616241,0.398311048557354,0.5232785057150823,"{""type"":""Point"",""coordinates"":[-85.8645,41.4134]}"
28,28.011,-81.78122,0.3221957040572792,0.03523035230352303,-0.40711462450592883,"{""type"":""Point"",""coordinates"":[-81.78122,28.011000000000006]}"
29,41.77137,-87.86998,0.6677316293929713,0.1386861313868613,-0.16831683168316833,"{""type"":""Point"",""coordinates"":[-87.86998,41.77137]}"
30,40.8969,-78.6775,-0.03529411764705882,0.059422750424448216,-0.10139165009940358,"{""type"":""Point"",""coordinates"":[-78.6775,40.896899999999995]}"
31,30.52187,-84.10612,-0.6209773539928486,0.5398009950248757,0.8604826546003017,"{""type"":""Point"",""coordinates"":[-84.10612,30.521869999999993]}"
32,44.9049,-93.13557,-0.4837662337662338,0.33870040253018974,0.5704146432573777,"{""type"":""Point"",""coordinates"":[-93.13557,44.90489999999999]}"
33,45.51369,-92.99619,-0.4816061553257995,0.2429837518463811,0.4562334217506631,"{""type"":""Point"",""coordinates"":[-92.99619,45.51369]}"
34,40.30983,-74.51675,-0.282985339848956,0.13518886679920478,0.338654503990878,"{""type"":""Point"",""coordinates"":[-74.51675,40.30983]}"
35,44.27477,-68.35152,-0.4265905383360522,0.5284128020901372,0.84892236869638,"{""type"":""Point"",""coordinates"":[-68.35152,44.274770000000004]}"
36,44.03366,-69.95012,-0.6176078257003113,0.214013709063214,0.48554336989032904,"{""type"":""Point"",""coordinates"":[-69.95012,44.03366]}"
37,41.9181,-80.4689,-0.5986607142857143,0.31490015360983103,0.5734098517455762,"{""type"":""Point"",""coordinates"":[-80.4689,41.9181]}"
38,33.97447,-116.8608,-0.6675487925901422,0.47837091578462954,0.730070845984402,"{""type"":""Point"",""coordinates"":[-116.8608,33.97446999999999]}"
39,43.86487,-92.1986,-0.3926829268292683,0.09098132697655939,0.24087591240875914,"{""type"":""Point"",""coordinates"":[-92.1986,43.86487]}"
40,42.65463,-70.80699,-0.46348448687350835,0.17972350230414746,0.43312101910828027,"{""type"":""Point"",""coordinates"":[-70.80699,42.65462999999999]}"
41,38.884,-90.658,-0.3928914505283381,0.20557029177718833,0.23450479233226837,"{""type"":""Point"",""coordinates"":[-90.658,38.88399999999999]}"
42,27.85693,-82.36551,0.06962025316455696,0.04285714285714286,-0.38860103626943004,"{""type"":""Point"",""coordinates"":[-82.36551,27.856929999999995]}"
43,44.08896,-92.28448,-0.5755829185223998,0.19901719901719903,0.47106544077879936,"{""type"":""Point"",""coordinates"":[-92.28448,44.08896]}"
44,43.68322,-116.66319,-0.4345598509548207,0.24688856729377714,0.40375802016498624,"{""type"":""Point"",""coordinates"":[-116.66319000000001,43.683220000000006]}"
45,38.0158,-77.7161,0.6726057906458798,-0.004975124378109453,-0.17784256559766765,"{""type"":""Point"",""coordinates"":[-77.7161,38.0158]}"
46,38.1548,-77.9502,-0.3658850574712644,0.08601444517399862,0.266403162055336,"{""type"":""Point"",""coordinates"":[-77.9502,38.1548]}"
47,32.795,-99.60569,-0.1392811296534018,-0.04142011834319527,0.22435897435897437,"{""type"":""Point"",""coordinates"":[-99.60569,32.79500000000001]}"
48,28.24903,-82.75306,0.8037225042301185,0.10540788267644363,-0.7617328519855595,"{""type"":""Point"",""coordinates"":[-82.75306,28.249030000000005]}"
49,40.91661,-73.86814,-0.4621670702179177,0.22898930364549225,0.5706297106734743,"{""type"":""Point"",""coordinates"":[-73.86814,40.91661]}"
50,26.73529,-82.12721,0.5981735159817352,-0.11363636363636363,-0.35172413793103446,"{""type"":""Point"",""coordinates"":[-82.12721,26.73529]}"
51,27.85663,-82.36462,0.2740740740740741,0.0738255033557047,-0.3869346733668342,"{""type"":""Point"",""coordinates"":[-82.36462,27.85663]}"
52,37.3492,-82.2063,-0.35993485342019543,-0.02190580503833516,0.124765478424015,"{""type"":""Point"",""coordinates"":[-82.2063,37.3492]}"
53,40.47263,-87.20694,-0.4964410327983252,0.20974289580514208,0.5867924528301887,"{""type"":""Point"",""coordinates"":[-87.20694,40.47263]}"
54,39.73161,-87.08484,0.654196157735086,0.062218214607754736,-0.21922626025791325,"{""type"":""Point"",""coordinates"":[-87.08484,39.73161]}"
55,43.87533,-115.92068,-0.406266409942237,0.08655442257529049,0.3167789996452643,"{""type"":""Point"",""coordinates"":[-115.92068,43.87533]}"
56,48.54091,-93.00387,0.3277310924369748,-0.010526315789473684,-0.2631578947368421,"{""type"":""Point"",""coordinates"":[-93.00387000000002,48.54091]}"
57,44.36088,-95.14731,-0.3714139344262295,0.1123403078428661,0.3405092702356679,"{""type"":""Point"",""coordinates"":[-95.14731000000002,44.36088000000001]}"
58,47.7893,-96.45016,-0.3627892996693718,0.10303928836174944,0.4083129584352078,"{""type"":""Point"",""coordinates"":[-96.45016000000001,47.7893]}"
59,40.90666,-73.635,0.7777777777777778,-0.09333333333333334,-0.30158730158730157,"{""type"":""Point"",""coordinates"":[-73.63500000000002,40.90666]}"
60,40.80227,-74.06585,0.7520858164481525,-0.01981981981981982,-0.5380434782608695,"{""type"":""Point"",""coordinates"":[-74.06585,40.80227]}"
61,40.90056,-74.18278,-0.5726751433557716,0.3360686311077956,0.6457006369426752,"{""type"":""Point"",""coordinates"":[-74.18278,40.90056]}"
62,42.4244,-83.3159,-0.4270977980559413,0.2742782488408433,0.43834258524980174,"{""type"":""Point"",""coordinates"":[-83.3159,42.4244]}"
63,28.43489,-82.65265,-0.6033229491173416,0.518935516888434,0.8415908324907314,"{""type"":""Point"",""coordinates"":[-82.65265,28.43489]}"
64,40.16722,-74.6775,-0.4077578051087985,0.1947318908748824,0.48204921339249696,"{""type"":""Point"",""coordinates"":[-74.6775,40.16721999999999]}"
65,37.23462,-107.86863,-0.13105136008533871,-0.08473495416500602,-0.034986309704898126,"{""type"":""Point"",""coordinates"":[-107.86863,37.23462]}"
66,27.75076,-81.17683,-0.4409937888198758,0.21936459909228442,0.7708703374777975,"{""type"":""Point"",""coordinates"":[-81.17683,27.750759999999996]}"
67,41.89155,-83.19624,0.8394863563402889,-0.08071748878923767,-0.35774647887323946,"{""type"":""Point"",""coordinates"":[-83.19624,41.89155]}"
68,42.93808,-72.52546,0.17507418397626112,-0.0684931506849315,-0.4117647058823529,"{""type"":""Point"",""coordinates"":[-72.52546,42.93808]}"
69,42.38,-71.734,0.44910179640718556,0.05537459283387619,-0.19587628865979387,"{""type"":""Point"",""coordinates"":[-71.734,42.38]}"
70,41.56347,-86.49508,-0.4875717017208413,0.27887323943661974,0.3930053349140486,"{""type"":""Point"",""coordinates"":[-86.49508,41.56347]}"
71,38.32749,-109.06039,-0.3731863029599536,0.09190413285525571,0.3028107794842075,"{""type"":""Point"",""coordinates"":[-109.06039,38.327490000000004]}"
72,41.48,-82.94444,0.8982188295165394,0.12665112665112666,-0.357487922705314,"{""type"":""Point"",""coordinates"":[-82.94444,41.47999999999999]}"
73,41.74666,-70.6533,0.6190476190476191,-0.13513513513513514,-0.5849056603773585,"{""type"":""Point"",""coordinates"":[-70.6533,41.74666]}"
74,40.03054,-85.31502,0.02125984251968504,0.08174386920980926,0.35727908455181184,"{""type"":""Point"",""coordinates"":[-85.31502,40.03054]}"
75,27.97269,-81.84247,0.8101472995090017,0.336832895888014,-0.03551912568306011,"{""type"":""Point"",""coordinates"":[-81.84247,27.97269]}"
76,40.44569,-104.81225,-0.5311676909569798,0.2945826551964659,0.36139760050515674,"{""type"":""Point"",""coordinates"":[-104.81225,40.445690000000006]}"
77,40.52797,-121.38712,0.42168674698795183,0.08108108108108109,0.088659793814433,"{""type"":""Point"",""coordinates"":[-121.38712,40.527969999999996]}"
78,40.20663,-109.85855,-0.14868270332187858,0.10289308176100628,0.0380361478284327,"{""type"":""Point"",""coordinates"":[-109.85855,40.20663]}"
79,43.0367,-71.21969,0.33746130030959753,-0.12598425196850394,-0.24890829694323144,"{""type"":""Point"",""coordinates"":[-71.21969,43.0367]}"
80,46.94495,-94.40514,0.3738019169329074,-0.014634146341463415,-0.06666666666666667,"{""type"":""Point"",""coordinates"":[-94.40514,46.94495]}"
81,34.40497,-79.34035,-0.46912794398472313,0.382010582010582,0.7440841367221736,"{""type"":""Point"",""coordinates"":[-79.34035,34.404970000000006]}"
82,46.92198,-94.91089,-0.3578500707213578,0.11175059952038369,0.35335195530726254,"{""type"":""Point"",""coordinates"":[-94.91089,46.92198]}"
83,41.01844,-74.40106,-0.36983110075713455,0.04329896907216495,0.3643835616438356,"{""type"":""Point"",""coordinates"":[-74.40106000000002,41.01844]}"
84,36.00756,-79.94092,0.6171617161716172,0.07280832095096583,-0.3220338983050847,"{""type"":""Point"",""coordinates"":[-79.94092,36.00756]}"
85,35.34439,-103.38961,-0.17656500802568217,0.008488964346349746,0.05907626208378088,"{""type"":""Point"",""coordinates"":[-103.38961,35.34439]}"
86,44.65167,-85.45526,-0.3219682293684618,0.09908944831280128,0.5004455004455004,"{""type"":""Point"",""coordinates"":[-85.45526,44.65167]}"
87,34.66295,-118.39526,-0.5469853340575774,0.23802612481857766,0.4376004284949116,"{""type"":""Point"",""coordinates"":[-118.39526,34.66295000000001]}"
88,30.78089,-86.22094,-0.5819750719079578,0.4666666666666667,0.7722308892355694,"{""type"":""Point"",""coordinates"":[-86.22094,30.780890000000003]}"
89,38.43946,-105.23278,-0.16727716727716727,-0.023893805309734513,0.10066070734551108,"{""type"":""Point"",""coordinates"":[-105.23278,38.43946]}"
90,47.77913,-122.18783,-0.4731522425773847,0.3884484711211778,0.8153214774281806,"{""type"":""Point"",""coordinates"":[-122.18783,47.77913]}"
91,45.33355,-95.12064,-0.5306403302841415,0.3182109993580141,0.6247497153625692,"{""type"":""Point"",""coordinates"":[-95.12064000000001,45.33355]}"
92,39.92278,-104.86746,-0.11125258634410318,-0.051515151515151514,0.02436738519212746,"{""type"":""Point"",""coordinates"":[-104.86746000000001,39.92278]}"
93,45.94815,-95.36158,0.4455852156057495,0.163194905134669,-0.0374208405296488,"{""type"":""Point"",""coordinates"":[-95.36158000000002,45.94815]}"
94,39.17472,-94.40056,-0.5519762111262545,0.2459439528023599,0.48462701612903225,"{""type"":""Point"",""coordinates"":[-94.40056000000001,39.17472]}"
95,42.5828,-73.75392,0.5161290322580645,-0.10638297872340426,-0.23389830508474577,"{""type"":""Point"",""coordinates"":[-73.75392,42.5828]}"
96,33.88335,-117.64533,-0.3937575030012005,0.19074380165289256,0.07307837940174176,"{""type"":""Point"",""coordinates"":[-117.64533000000002,33.88335]}"
97,38.44222,-86.48778,-0.6929347826086957,0.4302370773416246,0.4782918149466192,"{""type"":""Point"",""coordinates"":[-86.48778,38.44222]}"
98,43.74833,-99.55611,0.41002607939727614,0.004958368416128731,-0.05641636869288836,"{""type"":""Point"",""coordinates"":[-99.55611000000002,43.74833]}"
99,40.4729,-74.57106,-0.10617832038475768,-0.12313937753721245,0.22429906542056074,"{""type"":""Point"",""coordinates"":[-74.57106,40.4729]}"
100,39.0219,-122.88898,-0.22714307161086925,0.007947019867549669,0.5583075335397317,"{""type"":""Point"",""coordinates"":[-122.88898,39.02190000000001]}"
101,34.19,-84.5778,0.8552631578947368,-0.13310580204778158,-0.509090909090909,"{""type"":""Point"",""coordinates"":[-84.5778,34.18999999999999]}"
102,46.86404,-95.02542,-0.5054545454545455,0.4180353269290363,0.6805579180132676,"{""type"":""Point"",""coordinates"":[-95.02542,46.86404000000001]}"
103,42.91108,-70.82708,0.0979020979020979,0.037037037037037035,0.04960835509138381,"{""type"":""Point"",""coordinates"":[-70.82708,42.91107999999999]}"
104,27.11872,-81.15731,-0.6628630705394191,0.43488372093023253,0.26834776063229204,"{""type"":""Point"",""coordinates"":[-81.15731,27.118720000000003]}"
105,43.61358,-92.96947,-0.2748073780060706,0.0337751175716118,0.23129251700680273,"{""type"":""Point"",""coordinates"":[-92.96947,43.61357999999999]}"
106,43.76088,-74.91592,-0.20595144870790916,0.07722772277227723,0.607413647851727,"{""type"":""Point"",""coordinates"":[-74.91592,43.76088]}"
107,43.79004,-89.60018,-0.5859576664945793,0.4305694305694306,0.7375690607734806,"{""type"":""Point"",""coordinates"":[-89.60018,43.790040000000005]}"
108,38.80842,-77.29678,-0.5458872920361418,0.33836133013369896,0.7057428426223954,"{""type"":""Point"",""coordinates"":[-77.29678,38.80842]}"
109,40.04385,-104.82373,-0.15682604143532478,-0.07873684210526316,0.05924112607099148,"{""type"":""Point"",""coordinates"":[-104.82373,40.04385]}"
110,32.43011,-85.65067,-0.5961748633879781,0.31488203266787657,0.5931015898679601,"{""type"":""Point"",""coordinates"":[-85.65067,32.43011]}"
111,38.6386,-75.3161,-0.46293245469522243,0.2334983498349835,0.6244188397008288,"{""type"":""Point"",""coordinates"":[-75.3161,38.6386]}"
112,42.43916,-122.01224,0.9337316675719719,0.10980857694019894,-0.4531581178465451,"{""type"":""Point"",""coordinates"":[-122.01223999999999,42.43916]}"
113,34.97582,-96.24075,-0.03401777505363163,0.07635333841629452,0.05749851807943092,"{""type"":""Point"",""coordinates"":[-96.24075,34.97581999999999]}"
114,44.9321,-93.6691,-0.17923664122137403,0.0046022353714661405,0.06311881188118812,"{""type"":""Point"",""coordinates"":[-93.6691,44.932100000000005]}"
115,26.72273,-81.69102,-0.2779187817258883,0.31580981832238114,0.6936126016963822,"{""type"":""Point"",""coordinates"":[-81.69102,26.722729999999995]}"
116,41.42512,-85.5373,-0.5475923852183651,0.19099826889786498,0.41607663473552686,"{""type"":""Point"",""coordinates"":[-85.5373,41.42512000000001]}"
117,44.84061,-93.6825,-0.08955223880597014,0.16795865633074936,0.1806615776081425,"{""type"":""Point"",""coordinates"":[-93.68250000000002,44.84061]}"
118,30.8163,-88.0711,-0.43655913978494626,0.1651829871414441,0.23929698062190174,"{""type"":""Point"",""coordinates"":[-88.0711,30.8163]}"
119,42.79547,-72.00792,0.5014492753623189,0.005420054200542005,-0.12232415902140673,"{""type"":""Point"",""coordinates"":[-72.00792000000001,42.795469999999995]}"
120,40.57482,-109.61822,-0.46759744037230944,0.38373051117698037,0.6972034259215446,"{""type"":""Point"",""coordinates"":[-109.61822,40.57482]}"
121,30.7093,-84.7241,-0.2547397872157662,0.02861205306009596,0.2830675822551293,"{""type"":""Point"",""coordinates"":[-84.7241,30.709299999999992]}"
122,25.81508,-80.17527,0.9125,-0.3135593220338983,-1.0,"{""type"":""Point"",""coordinates"":[-80.17527,25.81508]}"
123,41.44306,-82.95278,0.9163043478260869,0.08113091579594345,-0.2860215053763441,"{""type"":""Point"",""coordinates"":[-82.95278,41.44306]}"
124,36.18278,-78.87889,-0.455188679245283,0.4351279788172992,0.7221016066000868,"{""type"":""Point"",""coordinates"":[-78.87889,36.18278]}"
125,33.4297,-85.012,-0.18912529550827423,-0.06270077334919691,0.16686876224232813,"{""type"":""Point"",""coordinates"":[-85.012,33.42969999999999]}"
126,37.50651,-94.56776,-0.36461636017755233,0.03908794788273615,0.31712962962962965,"{""type"":""Point"",""coordinates"":[-94.56776,37.50651]}"
127,34.492,-96.992,-0.4698952879581152,0.16478555304740405,0.5013477088948787,"{""type"":""Point"",""coordinates"":[-96.992,34.492]}"
128,40.28171,-105.08494,-0.5066425120772947,0.2537878787878788,0.6247619047619047,"{""type"":""Point"",""coordinates"":[-105.08494,40.28171]}"
129,43.65651,-93.00322,-0.4693492612386042,0.19665271966527198,0.5838150289017341,"{""type"":""Point"",""coordinates"":[-93.00322,43.65651]}"
130,36.23912,-81.67036,0.29916567342073896,-0.07456140350877193,-0.30666666666666664,"{""type"":""Point"",""coordinates"":[-81.67036,36.23912]}"
131,46.11584,-93.73356,-0.40610195186659087,0.1027142096860032,0.5475040257648953,"{""type"":""Point"",""coordinates"":[-93.73356,46.11584]}"
132,32.4061,-81.01872,-0.5064935064935064,0.36124911284599004,0.5978552278820375,"{""type"":""Point"",""coordinates"":[-81.01872,32.4061]}"
133,43.61662,-70.25116,-0.6028464927143341,0.3956916099773243,0.7186592768540512,"{""type"":""Point"",""coordinates"":[-70.25116,43.61662]}"
134,39.00208,-76.89098,-0.3510480277273477,0.07628765792031098,0.5226017076845806,"{""type"":""Point"",""coordinates"":[-76.89098,39.00208]}"
135,41.70075,-73.2777,0.5085470085470085,-0.023017902813299233,-0.6260162601626016,"{""type"":""Point"",""coordinates"":[-73.2777,41.700750000000006]}"
136,47.57193,-95.09033,-0.4515948517067711,0.25315904139433554,0.6818266196398738,"{""type"":""Point"",""coordinates"":[-95.09033,47.57193]}"
137,43.733,-70.2048,-0.056798986486486534,0.18571000898113965,-0.01568334578043316,"{""type"":""Point"",""coordinates"":[-70.2048,43.733]}"
138,42.97384,-85.02497,-0.4320388349514563,0.09404659188955997,0.4030699260943718,"{""type"":""Point"",""coordinates"":[-85.02497,42.97384000000001]}"
139,30.46232,-87.27284,-0.16666666666666666,0.09473684210526316,-0.23741007194244604,"{""type"":""Point"",""coordinates"":[-87.27284,30.462320000000002]}"
140,38.82422,-75.30861,-0.06033232965317278,-0.01791778896826326,0.10428689200329758,"{""type"":""Point"",""coordinates"":[-75.30861,38.82422]}"
141,34.90588,-106.68618,0.08418425232584524,0.001556824078879072,-0.10033241591307147,"{""type"":""Point"",""coordinates"":[-106.68618,34.905879999999996]}"
142,40.70856,-111.91993,-0.5677530017152659,0.31149301825993553,0.23871733966745842,"{""type"":""Point"",""coordinates"":[-111.91993,40.70856]}"
143,39.10613,-108.60772,-0.27470613844144537,0.13921217547000894,0.08537455410225922,"{""type"":""Point"",""coordinates"":[-108.60772000000001,39.10613]}"
144,44.01837,-117.39996,0.7755102040816326,0.029508196721311476,-0.5376623376623376,"{""type"":""Point"",""coordinates"":[-117.39996,44.01837]}"
145,45.27712,-94.95576,-0.4161490683229814,0.21232306411323898,0.6217512994802079,"{""type"":""Point"",""coordinates"":[-94.95576,45.277120000000004]}"
146,30.73725,-95.09164,0.8556338028169014,0.07758620689655173,-0.5322195704057279,"{""type"":""Point"",""coordinates"":[-95.09164,30.737250000000007]}"
147,28.9567,-80.8819,0.3829787234042553,-0.043356643356643354,-0.15838509316770186,"{""type"":""Point"",""coordinates"":[-80.8819,28.956700000000005]}"
148,41.50032,-111.94189,0.09627264524189633,-0.03694999347173266,0.0031379440190786707,"{""type"":""Point"",""coordinates"":[-111.94189000000001,41.50032]}"
149,35.89075,-106.49589,-0.31785611923187157,0.056648777579010136,0.37936445664966656,"{""type"":""Point"",""coordinates"":[-106.49589000000002,35.89075]}"
150,37.86972,-122.52811,-0.5895339329517579,0.3826274228284279,0.695898161244696,"{""type"":""Point"",""coordinates"":[-122.52811,37.86972]}"
151,41.3333,-85.76567,0.4392523364485981,-0.009259259259259259,-0.05825242718446602,"{""type"":""Point"",""coordinates"":[-85.76567,41.3333]}"
152,41.55841,-75.89464,-0.10829817158931083,0.06666666666666667,0.3862559241706161,"{""type"":""Point"",""coordinates"":[-75.89464,41.55841]}"
153,44.63051,-122.92429,-0.014613470929696792,-0.06719085060757686,0.0774953349563154,"{""type"":""Point"",""coordinates"":[-122.92429,44.63051]}"
154,40.33463,-104.86848,-0.49758656873032525,0.18695941450432468,0.3214880621876735,"{""type"":""Point"",""coordinates"":[-104.86848,40.33463]}"
155,44.96497,-89.13822,-0.44744744744744747,0.2746901239504198,0.5666507405637841,"{""type"":""Point"",""coordinates"":[-89.13822,44.96497000000001]}"
156,46.37517,-93.86214,0.2796208530805687,-0.0658682634730539,-0.09876543209876543,"{""type"":""Point"",""coordinates"":[-93.86214,46.37517]}"
157,40.82034,-79.53143,0.2523191094619666,0.020496224379719527,0.018378378378378378,"{""type"":""Point"",""coordinates"":[-79.53143000000001,40.820339999999995]}"
158,47.15966,-94.75393,0.7389033942558747,0.01276595744680851,-0.01978021978021978,"{""type"":""Point"",""coordinates"":[-94.75393,47.159659999999995]}"
159,42.37139,-71.27528,-0.2177505330490405,0.08647228963728844,0.270854770658702,"{""type"":""Point"",""coordinates"":[-71.27528,42.37139]}"
160,36.56445,-93.47813,0.46060606060606063,-0.10047846889952153,-0.1794871794871795,"{""type"":""Point"",""coordinates"":[-93.47813,36.56445]}"
161,39.26178,-75.2063,0.8321678321678322,-0.025911286780852,-0.391304347826087,"{""type"":""Point"",""coordinates"":[-75.2063,39.261779999999995]}"
162,35.99361,-92.70174,-0.48877209746774963,0.216538789428815,0.47605473204104903,"{""type"":""Point"",""coordinates"":[-92.70174,35.99361]}"
163,40.34873,-104.6778,-0.31946607341490546,-0.011776600325775623,0.17679675837065473,"{""type"":""Point"",""coordinates"":[-104.67780000000002,40.34873]}"
164,28.76871,-82.58325,-0.4811320754716981,0.4714003944773176,0.7881422924901186,"{""type"":""Point"",""coordinates"":[-82.58325,28.76871]}"
165,28.55833,-82.675,0.8248974008207934,-0.1099290780141844,-0.7405004633920297,"{""type"":""Point"",""coordinates"":[-82.675,28.558329999999998]}"
166,33.55163,-86.9674,0.061855670103092786,-0.14285714285714285,0.1022530329289428,"{""type"":""Point"",""coordinates"":[-86.9674,33.55163]}"
167,40.10861,-106.41333,-0.4500970873786408,0.14247669773635152,0.408812729498164,"{""type"":""Point"",""coordinates"":[-106.41333000000002,40.10861]}"
168,48.63753,-116.8754,-0.5606850335070737,0.51440329218107,0.8095750403442711,"{""type"":""Point"",""coordinates"":[-116.87540000000001,48.637530000000005]}"
169,29.53502,-94.9695,0.8648648648648649,-0.020964360587002098,-0.5112490302560124,"{""type"":""Point"",""coordinates"":[-94.9695,29.535019999999992]}"
170,41.3263,-83.54396,-0.42764064653552186,0.029426601647889693,0.3401920438957476,"{""type"":""Point"",""coordinates"":[-83.54396,41.3263]}"
171,47.629,-95.116,0.38924050632911394,-0.0046801872074883,-0.2627450980392157,"{""type"":""Point"",""coordinates"":[-95.116,47.629000000000005]}"
172,46.50134,-101.86412,-0.5151515151515151,0.17385257301808066,0.517987557479037,"{""type"":""Point"",""coordinates"":[-101.86412,46.50134]}"
173,40.37884,-74.94836,-0.4972972972972973,0.24673710379117464,0.6659316427783903,"{""type"":""Point"",""coordinates"":[-74.94836,40.37884]}"
174,41.6057,-85.54302,-0.19454269833249116,0.21551081282624907,0.5861526357199056,"{""type"":""Point"",""coordinates"":[-85.54302,41.6057]}"
175,28.53169,-82.61811,-0.18490566037735848,-0.05912863070539419,0.2209080503624571,"{""type"":""Point"",""coordinates"":[-82.61811,28.531690000000005]}"
176,40.02858,-85.2999,0.3704789833822092,0.36777178103315344,0.376425855513308,"{""type"":""Point"",""coordinates"":[-85.2999,40.02857999999999]}"
177,39.524,-91.6478,0.6584564860426929,-0.025222551928783383,-0.24841915085817526,"{""type"":""Point"",""coordinates"":[-91.6478,39.524]}"
178,30.36111,-83.13528,-0.5616438356164384,0.31712962962962965,0.7397441552712837,"{""type"":""Point"",""coordinates"":[-83.13528,30.36111]}"
179,36.20021,-78.88615,-0.30880929332042595,0.07754010695187166,0.33268858800773693,"{""type"":""Point"",""coordinates"":[-78.88615,36.20021]}"
180,39.01852,-119.71295,-0.3314222712238148,0.04678295775337371,0.16462647294359908,"{""type"":""Point"",""coordinates"":[-119.71295000000005,39.018519999999995]}"
181,48.40378,-93.68944,-0.5023923444976076,0.31601731601731603,0.48083242059145676,"{""type"":""Point"",""coordinates"":[-93.68944,48.40378]}"
182,45.00914,-106.83594,-0.10918829831067162,0.0411790203727785,-0.3620689655172414,"{""type"":""Point"",""coordinates"":[-106.83594000000001,45.00914]}"
183,40.92579,-111.90022,-0.44163491513682024,0.1254295532646048,0.33896103896103896,"{""type"":""Point"",""coordinates"":[-111.90022,40.925790000000006]}"
184,40.41135,-111.32129,-0.27475800446760984,0.11884057971014493,0.38990825688073394,"{""type"":""Point"",""coordinates"":[-111.32129,40.41134999999999]}"
185,44.92221,-85.88328,0.45454545454545453,-0.061224489795918366,-0.43119266055045874,"{""type"":""Point"",""coordinates"":[-85.88328000000001,44.92221000000001]}"
186,40.22962,-106.0598,-0.3754074074074074,0.048087048087048084,0.38973897389738976,"{""type"":""Point"",""coordinates"":[-106.05980000000001,40.229620000000004]}"
187,27.34383,-82.15661,-0.14069081718618365,-0.05813118989522032,0.17372786370768886,"{""type"":""Point"",""coordinates"":[-82.15661,27.34383]}"
188,28.82398,-81.39738,-0.15216083856001375,-0.09274873524451939,0.11452728670253651,"{""type"":""Point"",""coordinates"":[-81.39738,28.823980000000002]}"
189,39.99716,-77.73308,-0.39554423933800126,0.06349206349206349,0.24800849707912906,"{""type"":""Point"",""coordinates"":[-77.73308,39.99716]}"
190,44.92263,-93.60317,0.6577181208053692,-0.02875399361022364,-0.14590747330960854,"{""type"":""Point"",""coordinates"":[-93.60317,44.92263]}"
191,40.49884,-123.09938,-0.5120292887029289,0.36737884314747266,0.7799927509967379,"{""type"":""Point"",""coordinates"":[-123.09938,40.49884000000001]}"
192,40.69911,-105.69196,-0.40186915887850466,0.06863468634686347,0.16754617414248021,"{""type"":""Point"",""coordinates"":[-105.69196,40.69910999999999]}"
193,30.53053,-86.50575,-0.525065963060686,0.30066445182724255,0.6695447409733124,"{""type"":""Point"",""coordinates"":[-86.50575,30.53053]}"
194,46.66065,-120.47894,-0.4271797369702874,0.12583551293228712,0.37645107794361526,"{""type"":""Point"",""coordinates"":[-120.47894,46.66065]}"
195,46.12222,-91.94946,0.5470668485675307,-0.03770197486535009,-0.32265446224256294,"{""type"":""Point"",""coordinates"":[-91.94946,46.12222]}"
196,41.11004,-74.39176,-0.5951233342784236,0.44101633393829404,0.597517151257759,"{""type"":""Point"",""coordinates"":[-74.39176,41.11004]}"
197,43.71404,-86.11174,-0.4616550469839345,0.2428778367938194,0.5151515151515151,"{""type"":""Point"",""coordinates"":[-86.11174,43.71404]}"
198,42.97809,-71.07237,-0.2972111553784861,0.06646971935007386,0.2696456086286595,"{""type"":""Point"",""coordinates"":[-71.07237000000002,42.97809]}"
199,41.4731,-72.2606,-0.4026780516204153,0.1506486629600212,0.4183136899365367,"{""type"":""Point"",""coordinates"":[-72.2606,41.47310000000001]}"
200,47.02388,-122.78222,0.12941176470588237,0.0070921985815602835,-0.12,"{""type"":""Point"",""coordinates"":[-122.78222,47.02388]}"
201,40.29233,-74.03875,-0.477416440831075,0.245757385292269,0.634703196347032,"{""type"":""Point"",""coordinates"":[-74.03875,40.29232999999999]}"
202,41.11354,-83.112,-0.3436783160167319,0.09777138749101366,0.4028075184392101,"{""type"":""Point"",""coordinates"":[-83.112,41.11353999999999]}"
203,42.9686,-122.93123,-0.7047210300429184,0.6805807622504537,0.8773519163763066,"{""type"":""Point"",""coordinates"":[-122.93122999999999,42.968599999999995]}"
204,35.85129,-85.01321,-0.5999257747262943,0.4100558659217877,0.7373134328358208,"{""type"":""Point"",""coordinates"":[-85.01321,35.851290000000006]}"
205,44.60364,-87.9968,0.8551532033426184,0.1483996120271581,-0.30460624071322434,"{""type"":""Point"",""coordinates"":[-87.9968,44.60364]}"
206,46.34096,-101.84853,0.27194860813704497,0.17391304347826086,-0.22941176470588234,"{""type"":""Point"",""coordinates"":[-101.84853,46.34096]}"
207,39.08495,-75.46038,0.07749077490774908,-0.07142857142857142,0.018447615732683605,"{""type"":""Point"",""coordinates"":[-75.46038,39.08495]}"
208,42.87628,-74.60286,-0.07457949857188194,-0.02932290741069842,0.14823529411764705,"{""type"":""Point"",""coordinates"":[-74.60286000000002,42.87628]}"
209,48.41333,-97.13722,0.27808326787117044,0.06811851101544694,-0.0577752227651624,"{""type"":""Point"",""coordinates"":[-97.13722,48.41333000000001]}"
210,35.30766,-106.56198,-0.12228944327374079,0.02317073170731705,0.3125643666323378,"{""type"":""Point"",""coordinates"":[-106.56198000000002,35.30766]}"
211,39.52275,-119.75714,-0.26526202052944353,0.06125928632322489,0.09742388758782197,"{""type"":""Point"",""coordinates"":[-119.75714000000002,39.52275000000001]}"
212,38.74862,-108.25819,-0.4545095717387014,0.24792366142427988,0.5070079925865864,"{""type"":""Point"",""coordinates"":[-108.25819000000001,38.74862000000001]}"
213,45.34166,-93.12722,0.2875,0.0,-0.21105527638190955,"{""type"":""Point"",""coordinates"":[-93.12722,45.34166]}"
214,40.37024,-104.0318,-0.5344572611653357,0.13811638233232063,0.5217842323651453,"{""type"":""Point"",""coordinates"":[-104.0318,40.37024]}"
215,36.367,-94.7261,-0.21957236842105263,-0.0029127344751252475,0.12208057113717491,"{""type"":""Point"",""coordinates"":[-94.7261,36.367000000000004]}"
216,45.26067,-93.00069,0.6161137440758294,0.09355509355509356,-0.21787709497206703,"{""type"":""Point"",""coordinates"":[-93.00069,45.26067]}"
217,44.36561,-72.03926,-0.5547445255474452,0.27321981424148606,0.5573886401131275,"{""type"":""Point"",""coordinates"":[-72.03926,44.36560999999999]}"
218,44.07751,-115.96244,-0.11860940695296524,0.1169865990583122,0.06266820453671665,"{""type"":""Point"",""coordinates"":[-115.96243999999999,44.077510000000004]}"
219,35.41011,-93.83786,-0.29391364661002256,-0.014035087719298246,0.2103825136612022,"{""type"":""Point"",""coordinates"":[-93.83786000000002,35.41011000000001]}"
220,40.48225,-111.64709,-0.18120805369127516,0.04192748316995394,0.061654135338345864,"{""type"":""Point"",""coordinates"":[-111.64709,40.48224999999999]}"
221,46.64324,-94.81356,-0.6943169784680551,0.35467980295566504,0.6009139375476009,"{""type"":""Point"",""coordinates"":[-94.81356,46.64324]}"
222,40.70379,-85.5688,-0.5638859556494192,0.4912621359223301,0.8141843971631205,"{""type"":""Point"",""coordinates"":[-85.5688,40.70379]}"
223,27.94098,-82.80114,-0.6307053941908713,0.44983818770226536,0.7532656023222061,"{""type"":""Point"",""coordinates"":[-82.80114,27.94098]}"
224,26.86605,-82.24541,-0.5383767903048109,0.3081761006289308,0.4904576616638873,"{""type"":""Point"",""coordinates"":[-82.24541,26.866050000000005]}"
225,44.19017,-93.8015,-0.5031789865776123,0.31401504597380886,0.5951323795428384,"{""type"":""Point"",""coordinates"":[-93.8015,44.19017]}"
226,28.13769,-82.62977,-0.25757575757575757,0.17829457364341086,-0.08163265306122448,"{""type"":""Point"",""coordinates"":[-82.62977,28.13769]}"
227,43.74805,-92.9158,-0.5035563592525618,0.22034883720930232,0.6922547332185887,"{""type"":""Point"",""coordinates"":[-92.9158,43.74805]}"
228,40.86851,-74.5172,-0.5091659028414299,0.28245363766048504,0.6071846934791097,"{""type"":""Point"",""coordinates"":[-74.5172,40.86850999999999]}"
229,48.76786,-122.66188,0.5437881873727087,0.3907910271546635,0.4860557768924303,"{""type"":""Point"",""coordinates"":[-122.66188000000001,48.76785999999999]}"
230,30.42803,-86.66747,-0.3624382207578254,0.21790341578327443,0.6210045662100456,"{""type"":""Point"",""coordinates"":[-86.66747,30.42803]}"
231,44.12259,-115.34985,-0.4154744525547445,0.40264477884176925,0.7586588061901253,"{""type"":""Point"",""coordinates"":[-115.34985000000002,44.12259]}"
232,44.6213,-89.173,-0.36544924938382256,0.06238643246517262,0.4363735663571819,"{""type"":""Point"",""coordinates"":[-89.173,44.6213]}"
233,45.31028,-95.12841,-0.4651741293532338,0.3341645885286783,0.6835555555555556,"{""type"":""Point"",""coordinates"":[-95.12841000000002,45.31028]}"
234,47.38647,-121.8462,-0.4703328509406657,0.433112582781457,0.8245901639344262,"{""type"":""Point"",""coordinates"":[-121.8462,47.38647000000001]}"
235,36.16686,-120.36498,-0.2862453531598513,0.15780707841776545,0.2628765792031098,"{""type"":""Point"",""coordinates"":[-120.36498000000005,36.16686]}"
236,39.07926,-76.72689,-0.6267227283345013,0.2413223140495868,0.6734839053885826,"{""type"":""Point"",""coordinates"":[-76.72689,39.07926]}"
237,45.76142,-93.94688,-0.49980415197806505,0.22731356693620844,0.6034429757147248,"{""type"":""Point"",""coordinates"":[-93.94688,45.76142000000001]}"
238,29.36223,-82.53503,-0.5819875776397515,0.21997621878715815,0.6024242424242424,"{""type"":""Point"",""coordinates"":[-82.53503,29.362230000000007]}"
239,26.54771,-81.75988,-0.634610372686995,0.4280338664158043,0.7385508492797248,"{""type"":""Point"",""coordinates"":[-81.75988,26.54771]}"
240,46.04643,-115.86507,-0.44521178637200737,0.35252918287937746,0.7220180420982292,"{""type"":""Point"",""coordinates"":[-115.86507000000002,46.04643]}"
241,38.53052,-87.03352,-0.14521112255406798,0.14384349827387802,0.06060606060606061,"{""type"":""Point"",""coordinates"":[-87.03352,38.53052]}"
242,47.9348,-91.7847,0.4368231046931408,0.03837471783295711,-0.24561403508771928,"{""type"":""Point"",""coordinates"":[-91.7847,47.9348]}"
243,39.9153,-83.8517,-0.30337078651685395,0.09005726184279021,0.5494845360824743,"{""type"":""Point"",""coordinates"":[-83.8517,39.91530000000001]}"
244,34.835,-118.21583,-0.22136387852956846,0.037497258972297345,0.04385710136508859,"{""type"":""Point"",""coordinates"":[-118.21583,34.835]}"
245,48.40751,-122.55445,-0.14763329227520675,0.09358490566037736,0.2753054759390557,"{""type"":""Point"",""coordinates"":[-122.55445,48.40751]}"
246,43.39329,-113.11264,-0.4978177150192555,0.056657223796033995,0.18232044198895028,"{""type"":""Point"",""coordinates"":[-113.11264000000001,43.39329]}"
247,37.804,-122.257,0.5407725321888412,-0.01680672268907563,-0.5220125786163522,"{""type"":""Point"",""coordinates"":[-122.257,37.804]}"
248,34.52941,-117.27702,-0.34615384615384615,0.0946789907569323,0.1992929739284136,"{""type"":""Point"",""coordinates"":[-117.27702000000001,34.52941]}"
249,38.18989,-91.944,-0.4486174164259183,0.19380672717565403,0.34773218142548595,"{""type"":""Point"",""coordinates"":[-91.944,38.18989]}"
250,28.14036,-81.35196,-0.5376791493296348,0.18489583333333334,0.16699933466400532,"{""type"":""Point"",""coordinates"":[-81.35196,28.140359999999998]}"
251,32.72486,-114.7168,0.24933206929242438,-0.19525065963060687,-0.18071242397914858,"{""type"":""Point"",""coordinates"":[-114.7168,32.72486]}"
252,41.0325,-97.40472,-0.354688021354688,0.01691542288557214,0.2111146598530821,"{""type"":""Point"",""coordinates"":[-97.40472,41.03249999999999]}"
253,43.76942,-94.19525,0.015829318651066758,-0.1840833023428784,0.06517909571344686,"{""type"":""Point"",""coordinates"":[-94.19525,43.76941999999999]}"
254,40.10888,-86.79304,-0.391304347826087,0.24808184143222506,0.606951871657754,"{""type"":""Point"",""coordinates"":[-86.79304,40.10888000000001]}"
255,40.2726,-86.90314,-0.1309204167114166,-0.06447320672553526,0.15319476520400307,"{""type"":""Point"",""coordinates"":[-86.90314,40.27259999999999]}"
256,30.5966,-85.38734,0.34913793103448276,-0.14736842105263157,-0.17204301075268819,"{""type"":""Point"",""coordinates"":[-85.38734,30.59660000000001]}"
257,29.73379,-81.83774,-0.6259963212752913,0.48214285714285715,0.7796771130104464,"{""type"":""Point"",""coordinates"":[-81.83774,29.73379]}"
258,25.85185,-80.98065,-0.4517533807013523,0.2650523560209424,0.6120228018656072,"{""type"":""Point"",""coordinates"":[-80.98065,25.85185]}"
259,46.29214,-95.74807,0.40501212611156023,7.434944237918215E-4,-0.13131313131313133,"{""type"":""Point"",""coordinates"":[-95.74807000000001,46.292139999999996]}"
260,35.5842,-83.5472,-0.5948568655992237,0.43428328370906,0.7318548387096774,"{""type"":""Point"",""coordinates"":[-83.5472,35.5842]}"
261,41.60201,-79.05004,-0.5018988606835898,0.2552438027785345,0.45133453742725266,"{""type"":""Point"",""coordinates"":[-79.05004,41.60201]}"
262,41.14786,-73.30736,-0.450313339301701,0.05491525423728814,0.495110467222021,"{""type"":""Point"",""coordinates"":[-73.30736,41.14786]}"
263,40.01298,-85.73842,-0.5210981189628876,0.47582467239042026,0.7845468053491828,"{""type"":""Point"",""coordinates"":[-85.73842,40.01297999999999]}"
264,43.76932,-114.28033,-0.20493001880091916,0.03143072667840081,0.1332133213321332,"{""type"":""Point"",""coordinates"":[-114.28033,43.76931999999999]}"
265,44.33657,-115.44028,-0.19635065450218167,0.2103386809269162,0.6332022355619954,"{""type"":""Point"",""coordinates"":[-115.44028,44.33657]}"
266,43.56675,-112.93486,-0.14055243216817404,0.02894672828995378,0.03481624758220503,"{""type"":""Point"",""coordinates"":[-112.93486000000001,43.56675]}"
267,40.74444,-74.35361,-0.18458816591311186,0.003042155584528466,0.15099925980754997,"{""type"":""Point"",""coordinates"":[-74.35361,40.74444]}"
268,43.58444,-88.93418,0.8715814506539834,0.17166212534059946,-0.37972768532526474,"{""type"":""Point"",""coordinates"":[-88.93418,43.58444000000001]}"
269,36.21611,-94.60528,-0.5488921713441655,0.1407185628742515,0.4538534728829686,"{""type"":""Point"",""coordinates"":[-94.60528,36.21611]}"
270,48.40654,-122.54918,-0.5377392560491152,0.5058692006707658,0.7913125590179415,"{""type"":""Point"",""coordinates"":[-122.54917999999999,48.40654]}"
271,43.60288,-88.10068,-0.5619771863117871,0.3740085417937767,0.5974892114554727,"{""type"":""Point"",""coordinates"":[-88.10068,43.60288000000001]}"
272,46.70754,-94.11914,0.4983277591973244,-0.031746031746031744,-0.16591928251121077,"{""type"":""Point"",""coordinates"":[-94.11914,46.707539999999995]}"
273,48.75406,-122.50135,0.08617886178861789,-0.009674582233948988,0.2743362831858407,"{""type"":""Point"",""coordinates"":[-122.50135,48.75406]}"
274,38.93138,-106.19913,0.2609197296851821,0.06271660145332587,0.22856091277143908,"{""type"":""Point"",""coordinates"":[-106.19913000000001,38.93138]}"
275,46.58616,-94.11946,0.6050632911392405,0.03937007874015748,-0.18064516129032257,"{""type"":""Point"",""coordinates"":[-94.11946,46.58616]}"
276,43.04927,-84.83747,-0.5832992222677036,0.29757343550446996,0.6115819209039548,"{""type"":""Point"",""coordinates"":[-84.83747,43.049270000000014]}"
277,43.49143,-113.99266,-0.4520197988184576,0.08961705487564153,0.3223626212165736,"{""type"":""Point"",""coordinates"":[-113.99266,43.49143]}"
278,37.94227,-121.5337,0.17162471395881007,-0.06976744186046512,-0.23952095808383234,"{""type"":""Point"",""coordinates"":[-121.5337,37.94227]}"
279,25.89769,-80.18256,-0.37105487631504125,0.2640750670241287,0.2571041948579161,"{""type"":""Point"",""coordinates"":[-80.18256,25.89769]}"
280,40.33662,-111.7768,0.13574982231698648,-0.07887411073306526,0.0825881115202525,"{""type"":""Point"",""coordinates"":[-111.7768,40.33662]}"
281,39.90851,-105.73542,0.5130853994490359,0.17383512544802868,0.18639082262966958,"{""type"":""Point"",""coordinates"":[-105.73542,39.90851000000001]}"
282,41.58889,-112.11361,0.2928031547814656,0.07714915503306392,-0.3787047200878156,"{""type"":""Point"",""coordinates"":[-112.11361,41.58889]}"
283,40.91904,-75.06601,0.6030534351145038,0.21139101861993428,-0.22657580919931858,"{""type"":""Point"",""coordinates"":[-75.06601,40.91904]}"
284,34.77486,-77.15383,-0.3361462728551336,-0.09282700421940929,0.03896103896103896,"{""type"":""Point"",""coordinates"":[-77.15383,34.77485999999999]}"
285,38.55589,-90.55116,-0.5977830562153602,0.3938931297709924,0.6921287320666926,"{""type"":""Point"",""coordinates"":[-90.55116,38.55589]}"
286,43.43147,-123.30365,-0.2629612330686595,0.1879049676025918,0.5756207674943566,"{""type"":""Point"",""coordinates"":[-123.30364999999999,43.43147]}"
287,38.11778,-77.94111,0.6705653021442495,0.11686390532544379,-0.29081081081081084,"{""type"":""Point"",""coordinates"":[-77.94111,38.117779999999996]}"
288,28.54167,-82.65833,0.5422222222222223,-0.04516129032258064,-0.49538461538461537,"{""type"":""Point"",""coordinates"":[-82.65833,28.541669999999993]}"
289,44.15725,-96.02264,-0.4503992298002175,0.2269543432690833,0.5847066578773896,"{""type"":""Point"",""coordinates"":[-96.02264,44.15725]}"
290,44.25948,-94.52128,0.7344,0.24242424242424243,-0.2948207171314741,"{""type"":""Point"",""coordinates"":[-94.52128,44.25948]}"
291,32.81206,-98.97507,0.7448508105568172,-0.05845990815966091,-0.47739498683758724,"{""type"":""Point"",""coordinates"":[-98.97507000000002,32.81206000000001]}"
292,39.66814,-79.17809,-0.6116700201207244,0.3548387096774194,0.631236442516269,"{""type"":""Point"",""coordinates"":[-79.17809,39.66814]}"
293,46.84108,-123.99445,-0.522898657347802,0.4204476709013914,0.7153891859774213,"{""type"":""Point"",""coordinates"":[-123.99445000000001,46.841080000000005]}"
294,41.71175,-87.85651,-0.5460263007432818,0.21389396709323583,0.510250569476082,"{""type"":""Point"",""coordinates"":[-87.85651,41.71175000000001]}"
295,43.54791,-112.91733,-0.37960746768788894,0.06154290667437157,0.1416490486257928,"{""type"":""Point"",""coordinates"":[-112.91733,43.54791]}"
296,46.68921,-120.44615,-0.3688558446922759,0.09993262968785088,0.2653958944281525,"{""type"":""Point"",""coordinates"":[-120.44615000000003,46.68921]}"
297,28.97309,-80.89354,-0.35873472322070454,0.20496894409937888,0.6307692307692307,"{""type"":""Point"",""coordinates"":[-80.89354000000002,28.973090000000003]}"
298,34.34628,-103.21378,-0.5283730341212177,0.15494820365880538,0.21739130434782608,"{""type"":""Point"",""coordinates"":[-103.21378,34.34628]}"
299,41.99471,-70.64654,0.840531561461794,-0.13953488372093023,-0.16666666666666666,"{""type"":""Point"",""coordinates"":[-70.64654,41.99471]}"
300,38.90966,-107.02836,0.7720489977728285,-0.0017521902377972466,-0.0425268642136112,"{""type"":""Point"",""coordinates"":[-107.02836000000002,38.909659999999995]}"
301,38.44143,-75.55565,-0.6364846870838882,0.35568862275449104,0.6643792888334373,"{""type"":""Point"",""coordinates"":[-75.55565,38.44143]}"
302,39.65342,-85.00969,-0.49521640091116176,0.33689024390243905,0.6385542168674698,"{""type"":""Point"",""coordinates"":[-85.00969,39.653420000000004]}"
303,34.76415,-117.92618,-0.31468765700887624,0.01395878833918906,0.12029820399864452,"{""type"":""Point"",""coordinates"":[-117.92618,34.76415]}"
304,28.89167,-82.74167,0.8076923076923077,-0.11372549019607843,-0.5351351351351351,"{""type"":""Point"",""coordinates"":[-82.74167000000001,28.891670000000005]}"
305,37.08978,-120.31767,-0.39798945286750165,0.06539368034194865,0.19337118164893005,"{""type"":""Point"",""coordinates"":[-120.31767000000005,37.08978]}"
306,38.48495,-107.077,0.3371212121212121,-0.03130755064456722,-0.1740041928721174,"{""type"":""Point"",""coordinates"":[-107.07700000000001,38.48495]}"
307,46.31469,-117.98004,-0.34166146158650845,0.0947136563876652,0.2621184919210054,"{""type"":""Point"",""coordinates"":[-117.98003999999999,46.314690000000006]}"
308,41.33494,-72.18819,-0.3867069486404834,0.2704663212435233,0.45085803432137284,"{""type"":""Point"",""coordinates"":[-72.18819,41.33494]}"
309,28.64865,-81.17792,-0.5451285116557083,0.31125827814569534,0.6865896534404822,"{""type"":""Point"",""coordinates"":[-81.17792,28.648649999999996]}"
310,30.99866,-87.163,-0.13065610859728508,0.01638425990757597,0.11625566180171112,"{""type"":""Point"",""coordinates"":[-87.163,30.99866]}"
311,28.5014,-81.5206,0.6238244514106583,-0.1111111111111111,-0.5333333333333333,"{""type"":""Point"",""coordinates"":[-81.5206,28.5014]}"
312,30.14523,-95.12461,-0.1848492931448386,0.0013233348037053375,0.0931909212283044,"{""type"":""Point"",""coordinates"":[-95.12461,30.14523]}"
313,43.2504,-70.5911,0.7636122177954847,-0.10721247563352826,-0.49473684210526314,"{""type"":""Point"",""coordinates"":[-70.59110000000001,43.2504]}"
314,39.9933,-82.8592,-0.40411700975081255,0.4571703561116458,0.7979942693409742,"{""type"":""Point"",""coordinates"":[-82.8592,39.9933]}"
315,36.84422,-106.57861,-0.3940724478594951,0.10976837865055387,0.3165829145728643,"{""type"":""Point"",""coordinates"":[-106.57861,36.84422]}"
316,41.05986,-82.40979,-0.3329712112982075,0.11572843682048804,0.46452084857351866,"{""type"":""Point"",""coordinates"":[-82.40979,41.05986000000001]}"
317,46.48623,-101.85799,-0.35623645930052616,0.0,0.24869565217391304,"{""type"":""Point"",""coordinates"":[-101.85799,46.48623]}"
318,40.4515,-82.9015,-0.3381081748579896,0.0506454816285998,0.394169835234474,"{""type"":""Point"",""coordinates"":[-82.9015,40.4515]}"
319,43.21305,-98.41786,-0.3009057363300906,0.42272906016515926,0.14202220923436587,"{""type"":""Point"",""coordinates"":[-98.41786,43.21305]}"
320,39.99605,-87.37145,-0.5785032200755053,0.34095388253843123,0.6454622561492791,"{""type"":""Point"",""coordinates"":[-87.37145,39.99605]}"
321,39.51612,-87.2673,-0.46658639373871164,0.27347611202635913,0.4185893210283454,"{""type"":""Point"",""coordinates"":[-87.2673,39.51612]}"
322,34.585,-83.518,-0.6325187969924813,0.4819451131439576,0.7333994053518335,"{""type"":""Point"",""coordinates"":[-83.518,34.584999999999994]}"
323,27.04968,-80.11411,0.4899817850637523,-0.14074074074074075,-0.5197368421052632,"{""type"":""Point"",""coordinates"":[-80.11411,27.049680000000002]}"
324,40.8767,-78.8094,-0.5956204379562043,0.42869452822059456,0.6820906257492209,"{""type"":""Point"",""coordinates"":[-78.8094,40.8767]}"
325,47.55283,-92.28106,0.12727272727272726,-0.031446540880503145,-0.14685314685314685,"{""type"":""Point"",""coordinates"":[-92.28106000000001,47.55283]}"
326,46.97695,-96.82026,-0.23692307692307693,0.21761006289308177,0.31042128603104213,"{""type"":""Point"",""coordinates"":[-96.82026,46.97695000000001]}"
327,40.9735,-102.2511,-0.3038617886178862,0.10018093392703614,0.2625707489131327,"{""type"":""Point"",""coordinates"":[-102.25110000000001,40.97350000000001]}"
328,45.90941,-86.70229,-0.5281887245101959,0.24545454545454545,0.7144261489309413,"{""type"":""Point"",""coordinates"":[-86.70229,45.90941]}"
329,28.4125,-81.271,0.21658986175115208,-0.08247422680412371,-0.3291139240506329,"{""type"":""Point"",""coordinates"":[-81.271,28.412500000000005]}"
330,42.97194,-111.8264,-0.5450934235692217,0.25182567726737337,0.5287833827893175,"{""type"":""Point"",""coordinates"":[-111.8264,42.97194]}"
331,39.14955,-108.69179,-0.5301919720767888,0.28300094966761635,0.5866411168902272,"{""type"":""Point"",""coordinates"":[-108.69179,39.14955]}"
332,39.28491,-85.12174,-0.5849056603773585,0.44812680115273773,0.6994899960768929,"{""type"":""Point"",""coordinates"":[-85.12174,39.28491]}"
333,34.35628,-117.35519,-0.41397590361445785,0.12437810945273632,0.16247450713800135,"{""type"":""Point"",""coordinates"":[-117.35519,34.35628]}"
334,43.12444,-89.71159,-0.5624652970571904,0.34926368435676575,0.5862190812720848,"{""type"":""Point"",""coordinates"":[-89.71159,43.12444]}"
335,21.3425,-157.88445,-0.27214854111405834,0.08487982963188317,0.11005917159763313,"{""type"":""Point"",""coordinates"":[-157.88445,21.3425]}"
336,39.42242,-74.50786,-0.017094017094017096,-0.0570902394106814,-0.1690427698574338,"{""type"":""Point"",""coordinates"":[-74.50786,39.42242]}"
337,40.1128,-75.8617,0.8213592233009709,0.028125,-0.3610503282275711,"{""type"":""Point"",""coordinates"":[-75.8617,40.1128]}"
338,44.93831,-115.32049,-0.2917176662586699,0.35975975975975977,0.6898457957521094,"{""type"":""Point"",""coordinates"":[-115.32049,44.938309999999994]}"
339,38.0945,-87.0367,-0.4272,0.23060421880586343,0.36668628605061804,"{""type"":""Point"",""coordinates"":[-87.0367,38.0945]}"
340,34.30849,-78.49983,0.09593123209169052,0.010878950094974962,0.0944896115627823,"{""type"":""Point"",""coordinates"":[-78.49983,34.30849]}"
341,46.31173,-95.72948,0.43684633950120677,-0.025525525525525526,-0.14309623430962343,"{""type"":""Point"",""coordinates"":[-95.72948,46.31173]}"
342,35.02575,-90.12008,-0.521756072217171,0.2489296636085627,0.5721751248403205,"{""type"":""Point"",""coordinates"":[-90.12008,35.02575]}"
343,37.26169,-113.10719,-0.42538265306122447,0.1445480631276901,0.24917361876278923,"{""type"":""Point"",""coordinates"":[-113.10719,37.26169]}"
344,39.04194,-122.98083,-0.5697966643819969,0.26539923954372624,0.5851668477025286,"{""type"":""Point"",""coordinates"":[-122.98083000000001,39.04194]}"
345,27.87719,-81.46708,0.3665158371040724,-0.16751269035532995,-0.5333333333333333,"{""type"":""Point"",""coordinates"":[-81.46708,27.877190000000006]}"
346,43.39511,-72.08133,-0.035244608100999476,-0.12407991587802314,0.12983312983312983,"{""type"":""Point"",""coordinates"":[-72.08133,43.39511]}"
347,26.59028,-82.17201,0.7810413885180241,-0.0893760539629005,-0.4104803493449782,"{""type"":""Point"",""coordinates"":[-82.17201,26.590279999999996]}"
348,43.95804,-96.21152,-0.5738108255877529,0.16776750330250992,0.4714765100671141,"{""type"":""Point"",""coordinates"":[-96.21152000000001,43.95804]}"
349,39.67372,-86.2472,-0.5473306415432929,0.36989966555183945,0.6066805845511483,"{""type"":""Point"",""coordinates"":[-86.24720000000002,39.67372]}"
350,40.90356,-73.54336,0.2129514321295143,-0.1296043656207367,-0.02729528535980149,"{""type"":""Point"",""coordinates"":[-73.54336,40.903560000000006]}"
351,47.13425,-119.23665,-0.18178584133760228,0.054410743227599014,0.02320019134178429,"{""type"":""Point"",""coordinates"":[-119.23665,47.13425]}"
352,42.36966,-73.78882,-0.3827859569648924,0.25116279069767444,0.5798173118747282,"{""type"":""Point"",""coordinates"":[-73.78882,42.36966]}"
353,35.48472,-77.99583,-0.5258442453480359,0.13598946328613765,0.40807579517256937,"{""type"":""Point"",""coordinates"":[-77.99583,35.48472]}"
354,41.14361,-72.29945,-0.5684286748732802,0.3643031784841076,0.7161572052401747,"{""type"":""Point"",""coordinates"":[-72.29945,41.14361]}"
355,31.56211,-111.04597,-0.37302041595115437,0.17212626563430614,0.5598201279371714,"{""type"":""Point"",""coordinates"":[-111.04597,31.56211]}"
356,47.70722,-90.5225,-0.42526199669056813,0.18199112238427395,0.42074539739559946,"{""type"":""Point"",""coordinates"":[-90.5225,47.70722]}"
357,29.48856,-99.70478,-0.06854838709677419,0.12446684761535479,0.13253937764118326,"{""type"":""Point"",""coordinates"":[-99.70478,29.488559999999996]}"
358,42.68522,-113.50894,-0.15006002400960383,-0.03272727272727273,0.1419939577039275,"{""type"":""Point"",""coordinates"":[-113.50894000000001,42.68522]}"
359,35.09037,-90.02509,-0.4886653655607266,0.1851203501094092,0.4890931540677734,"{""type"":""Point"",""coordinates"":[-90.02509,35.09036999999999]}"
360,36.19893,-94.58356,-0.20228770359318662,-0.0652930530419045,0.17132337015377952,"{""type"":""Point"",""coordinates"":[-94.58356000000002,36.19893]}"
361,32.85235,-95.52903,0.5314285714285715,0.07196029776674938,-0.2064516129032258,"{""type"":""Point"",""coordinates"":[-95.52903,32.85235]}"
362,35.87951,-81.93649,-0.42141129918663445,0.11636828644501279,0.3496470588235294,"{""type"":""Point"",""coordinates"":[-81.93649,35.87951]}"
363,44.15277,-88.79667,0.7963558413719185,0.19649122807017544,-0.18550474547023296,"{""type"":""Point"",""coordinates"":[-88.79667,44.152770000000004]}"
364,43.7338,-69.8067,0.6842105263157895,-0.07227332457293036,-0.7035490605427975,"{""type"":""Point"",""coordinates"":[-69.8067,43.7338]}"
365,46.91751,-90.84155,-0.5515981735159817,0.39293139293139295,0.7508532423208191,"{""type"":""Point"",""coordinates"":[-90.84155,46.91751000000001]}"
366,48.30814,-121.65667,-0.49352051835853133,0.5595667870036101,0.8876611418047882,"{""type"":""Point"",""coordinates"":[-121.65667,48.308139999999995]}"
367,39.8539,-80.3297,-0.42692168892096716,0.12581344902386118,0.32354175409148134,"{""type"":""Point"",""coordinates"":[-80.3297,39.8539]}"
368,33.09692,-85.79893,-0.41535776614310643,0.15643564356435644,0.5617283950617284,"{""type"":""Point"",""coordinates"":[-85.79893,33.09691999999999]}"
369,47.95993,-89.73235,-0.5735632183908046,0.30655737704918035,0.6113918236104732,"{""type"":""Point"",""coordinates"":[-89.73235,47.95993]}"
370,37.97831,-122.73561,-0.5177772545326113,0.43678646934460885,0.7976913730255164,"{""type"":""Point"",""coordinates"":[-122.73561,37.97831]}"
371,38.47516,-85.85511,-0.35456475583864117,0.22326454033771106,0.009569377990430622,"{""type"":""Point"",""coordinates"":[-85.85511,38.475159999999995]}"
372,45.92956,-95.38427,0.5286669011607457,-0.006536853532903735,-0.04139805825242721,"{""type"":""Point"",""coordinates"":[-95.38427,45.929559999999995]}"
373,42.39222,-83.29583,-0.48139995597622715,0.29764592067075135,0.6286445012787724,"{""type"":""Point"",""coordinates"":[-83.29583,42.39222]}"
374,39.72955,-84.91488,-0.5317073170731708,0.4379977246871445,0.7686182669789228,"{""type"":""Point"",""coordinates"":[-84.91488,39.72955]}"
375,30.72398,-88.05912,-0.19547511312217195,0.024143739472206625,0.0125,"{""type"":""Point"",""coordinates"":[-88.05912,30.723980000000008]}"
376,35.23712,-97.41261,-0.22007722007722008,0.04406779661016949,0.17302052785923755,"{""type"":""Point"",""coordinates"":[-97.41261,35.23712]}"
377,37.07319,-94.74072,-0.5124133303511519,0.2991875662310138,0.5485779294653015,"{""type"":""Point"",""coordinates"":[-94.74072,37.07318999999999]}"
378,42.77419,-72.0364,0.4922737306843267,-0.05215419501133787,-0.22427440633245382,"{""type"":""Point"",""coordinates"":[-72.0364,42.77418999999999]}"
379,46.77718,-93.15639,-0.29165258533288274,-0.01892744479495268,0.21171446003660768,"{""type"":""Point"",""coordinates"":[-93.15639,46.77718]}"
380,42.28286,-85.16761,-0.5238685678859268,0.29456869009584663,0.4938101788170564,"{""type"":""Point"",""coordinates"":[-85.16761,42.28285999999999]}"
381,42.48308,-71.26128,-0.659855591081373,0.38491846339060964,0.5891061963078047,"{""type"":""Point"",""coordinates"":[-71.26128,42.48308]}"
382,35.26562,-82.451,-0.5776019476567255,0.4475374732334047,0.7667269439421338,"{""type"":""Point"",""coordinates"":[-82.451,35.26562]}"
383,40.57144,-110.70268,0.6341463414634146,-0.037037037037037035,-0.11287758346581876,"{""type"":""Point"",""coordinates"":[-110.70268000000002,40.571439999999996]}"
384,39.61307,-119.3034,-0.4500696702275894,0.3404927353126974,0.2844413982179575,"{""type"":""Point"",""coordinates"":[-119.30340000000002,39.61307]}"
385,46.12014,-93.55061,-0.5157402410505486,0.16753678215472234,0.36055413780532264,"{""type"":""Point"",""coordinates"":[-93.55061,46.12014]}"
386,37.1812,-94.47372,-0.5533900062201949,0.42058298631766805,0.6141045958795562,"{""type"":""Point"",""coordinates"":[-94.47372,37.18119999999999]}"
387,41.19171,-74.31579,0.8403361344537815,-0.10714285714285714,-0.5897435897435898,"{""type"":""Point"",""coordinates"":[-74.31579,41.19170999999999]}"
388,25.52643,-80.30706,0.9133333333333333,-0.2127659574468085,-0.9404255319148936,"{""type"":""Point"",""coordinates"":[-80.30706,25.52643]}"
389,30.32595,-84.14791,-0.5927601809954751,0.45487894350696995,0.7540956478570247,"{""type"":""Point"",""coordinates"":[-84.14791,30.32595]}"
390,41.3361,-75.34,-0.5722522522522523,0.324880247957171,0.5838110126802154,"{""type"":""Point"",""coordinates"":[-75.34,41.3361]}"
391,33.32586,-86.94863,-0.5202503433215516,0.3200802480393945,0.570704744357439,"{""type"":""Point"",""coordinates"":[-86.94863,33.32586]}"
392,41.29929,-124.05118,-0.3580605055946954,0.1803666469544648,0.5602094240837696,"{""type"":""Point"",""coordinates"":[-124.05118,41.29929]}"
393,42.51393,-111.32649,-0.47901701323251417,0.42889137737961924,0.738863287250384,"{""type"":""Point"",""coordinates"":[-111.32649000000002,42.51393]}"
394,45.12074,-93.83403,0.48502994011976047,0.25365853658536586,-0.2803347280334728,"{""type"":""Point"",""coordinates"":[-93.83403,45.12073999999999]}"
395,35.33205,-79.40977,-0.015151515151515152,0.012145748987854251,-0.10407239819004525,"{""type"":""Point"",""coordinates"":[-79.40977,35.33205]}"
396,47.00313,-122.90304,-0.5051353874883286,0.38882921589688507,0.7783404752629529,"{""type"":""Point"",""coordinates"":[-122.90304,47.00313]}"
397,41.33259,-85.38535,-0.192090395480226,0.2843691148775895,0.24752475247524752,"{""type"":""Point"",""coordinates"":[-85.38535,41.332589999999996]}"
398,43.16199,-88.38418,-0.36666666666666664,0.15123634272570444,0.44594594594594594,"{""type"":""Point"",""coordinates"":[-88.38418,43.16199000000001]}"
399,34.43296,-112.42019,-0.496410822749862,0.27615780445969124,0.5247747747747747,"{""type"":""Point"",""coordinates"":[-112.42019,34.432959999999994]}"
400,40.45491,-123.20673,-0.6265060240963856,0.5640224859462836,0.8320096269554753,"{""type"":""Point"",""coordinates"":[-123.20673,40.45491]}"
401,44.22184,-96.80854,-0.5688010899182562,0.20655302191720168,0.47099630996309966,"{""type"":""Point"",""coordinates"":[-96.80854,44.22184]}"
402,43.33919,-70.99713,-0.3009327442317133,0.07887727924605614,0.2895069532237674,"{""type"":""Point"",""coordinates"":[-70.99713,43.339189999999995]}"
403,41.25439,-111.78966,0.6941649899396378,0.024630541871921183,-0.4721189591078067,"{""type"":""Point"",""coordinates"":[-111.78966000000001,41.25439]}"
404,26.94415,-82.05183,-0.012244897959183673,0.07611548556430446,-0.23508771929824562,"{""type"":""Point"",""coordinates"":[-82.05183,26.944149999999997]}"
405,29.86857,-98.18766,-0.4870967741935484,0.3485714285714286,0.5032679738562091,"{""type"":""Point"",""coordinates"":[-98.18766,29.868570000000002]}"
406,46.7512,-95.0986,0.15819209039548024,0.011764705882352941,-0.13513513513513514,"{""type"":""Point"",""coordinates"":[-95.0986,46.751200000000004]}"
407,41.55324,-70.58861,-0.3511884834281888,0.10762527233115468,0.3132126089872569,"{""type"":""Point"",""coordinates"":[-70.58861,41.55324]}"
408,42.89118,-87.83767,0.8127208480565371,-0.20754716981132076,-0.43820224719101125,"{""type"":""Point"",""coordinates"":[-87.83767,42.89118]}"
409,41.33835,-96.32448,-0.5094633969594339,0.18531845987765383,0.5679389312977099,"{""type"":""Point"",""coordinates"":[-96.32448000000001,41.33835]}"
410,40.27662,-74.2821,0.23645970937912814,0.001589825119236884,0.1289875173370319,"{""type"":""Point"",""coordinates"":[-74.2821,40.27662000000001]}"
411,41.14706,-74.70272,-0.48068498606133014,0.06735159817351598,0.4540594721015703,"{""type"":""Point"",""coordinates"":[-74.70272,41.147059999999996]}"
412,44.4142,-68.2501,0.382648401826484,0.03506311360448808,-0.3815261044176707,"{""type"":""Point"",""coordinates"":[-68.2501,44.41420000000001]}"
413,43.7548,-73.2726,0.5076142131979695,-0.01282051282051282,-0.046357615894039736,"{""type"":""Point"",""coordinates"":[-73.2726,43.7548]}"
414,39.55772,-85.16755,-0.5836081017428167,0.41903986981285596,0.5299539170506913,"{""type"":""Point"",""coordinates"":[-85.16755,39.55772]}"
415,37.9411,-111.6988,-0.396078431372549,0.2844759653270292,0.6347546259050684,"{""type"":""Point"",""coordinates"":[-111.6988,37.94109999999999]}"
416,41.33582,-72.59236,-0.5358764759309719,0.23040380047505937,0.6313993174061433,"{""type"":""Point"",""coordinates"":[-72.59236,41.33582]}"
417,27.94183,-82.45854,-0.26068965517241377,0.283072546230441,0.07011070110701106,"{""type"":""Point"",""coordinates"":[-82.45854,27.94183]}"
418,48.49228,-96.95503,-0.10221793635486982,-0.026587349763263324,0.0878101402373247,"{""type"":""Point"",""coordinates"":[-96.95503,48.49228]}"
419,42.94906,-72.09897,0.38073394495412843,0.006896551724137931,-0.031026252983293555,"{""type"":""Point"",""coordinates"":[-72.09897,42.94906]}"
420,46.13005,-115.94813,-0.26858736059479554,0.12104689203925845,0.2851441241685144,"{""type"":""Point"",""coordinates"":[-115.94812999999999,46.13005]}"
421,40.41833,-74.78722,-0.5175267770204479,0.2414553472987872,0.5567962207429675,"{""type"":""Point"",""coordinates"":[-74.78722,40.41833]}"
422,27.30934,-82.11332,-0.608887381275441,0.4308641975308642,0.7702466982307501,"{""type"":""Point"",""coordinates"":[-82.11332,27.309339999999995]}"
423,45.05542,-87.30291,0.43902439024390244,0.03225806451612903,-0.12781954887218044,"{""type"":""Point"",""coordinates"":[-87.30291,45.05542]}"
424,38.4871,-105.374,-0.36133333333333334,0.16597164303586323,0.38003719776813394,"{""type"":""Point"",""coordinates"":[-105.374,38.4871]}"
425,44.89859,-123.97375,-0.45084745762711864,0.48612099644128115,0.8701672361086136,"{""type"":""Point"",""coordinates"":[-123.97375,44.89859]}"
426,41.4324,-72.8321,-0.42558250118877794,0.24575645756457565,0.3644278606965174,"{""type"":""Point"",""coordinates"":[-72.83210000000001,41.4324]}"
427,39.99201,-74.97606,-0.5440016184503337,0.3358739837398374,0.7362526485722934,"{""type"":""Point"",""coordinates"":[-74.97606000000002,39.99201]}"
428,43.71357,-95.53252,-0.5514809590973202,0.28952569169960474,0.6083877995642701,"{""type"":""Point"",""coordinates"":[-95.53252000000002,43.713570000000004]}"
429,46.12526,-93.22154,-0.1152390780873753,-0.1061305207646671,0.10602024507192329,"{""type"":""Point"",""coordinates"":[-93.22154,46.12526]}"
430,37.3068,-107.47125,-0.4342835986671603,0.1018018018018018,0.39207317073170733,"{""type"":""Point"",""coordinates"":[-107.47125,37.30680000000001]}"
431,28.01661,-81.37168,0.3108108108108108,0.15555555555555556,0.0379746835443038,"{""type"":""Point"",""coordinates"":[-81.37168,28.01661]}"
432,47.35671,-97.99827,-0.5844998985595455,0.3808653260207191,0.3396165095872603,"{""type"":""Point"",""coordinates"":[-97.99827000000002,47.35671000000001]}"
433,41.38057,-87.42388,-0.06241331484049931,0.11210013908205842,0.34239802224969096,"{""type"":""Point"",""coordinates"":[-87.42388,41.38057]}"
434,27.86981,-82.31323,-0.663448275862069,0.4584323040380047,0.04201680672268908,"{""type"":""Point"",""coordinates"":[-82.31323,27.869809999999998]}"
435,28.0749,-80.88788,-0.47418586179507544,0.10900473933649289,0.2796934865900383,"{""type"":""Point"",""coordinates"":[-80.88788,28.0749]}"
436,40.3747,-79.3894,0.4644808743169399,0.01466275659824047,-0.3023255813953488,"{""type"":""Point"",""coordinates"":[-79.3894,40.374700000000004]}"
437,30.58134,-88.09226,-0.2109181141439206,0.1506434519303558,-0.10107948969578018,"{""type"":""Point"",""coordinates"":[-88.09226,30.58134]}"
438,27.04113,-81.74222,-0.5192127460168697,0.20777581418833627,0.5696063640104239,"{""type"":""Point"",""coordinates"":[-81.74222,27.04113]}"
439,37.90825,-107.70574,0.6393329101506146,0.06428403088738854,0.11797605979823325,"{""type"":""Point"",""coordinates"":[-107.70574000000002,37.90825]}"
440,39.22387,-106.19483,0.6726086264523317,0.036976453876285995,0.01782421634910879,"{""type"":""Point"",""coordinates"":[-106.19483000000001,39.22387]}"
441,28.64743,-81.26413,-0.42076228686058176,0.07909394727070182,0.3524804177545692,"{""type"":""Point"",""coordinates"":[-81.26413,28.647429999999996]}"
442,43.46569,-124.18956,-0.38628466930813776,0.20828942746750967,0.34689738226532296,"{""type"":""Point"",""coordinates"":[-124.18956,43.46569]}"
443,38.925,-89.03917,-0.4258487194758785,0.07955517536355859,0.3258145363408521,"{""type"":""Point"",""coordinates"":[-89.03917,38.925000000000004]}"
444,39.22347,-76.86304,0.31462333825701627,0.0926517571884984,-0.08812260536398467,"{""type"":""Point"",""coordinates"":[-76.86304,39.223470000000006]}"
445,41.49502,-72.26955,-0.568021051808814,0.2547825259350909,0.6280461735784524,"{""type"":""Point"",""coordinates"":[-72.26955,41.495020000000004]}"
446,46.75781,-95.06583,0.5095541401273885,-0.015873015873015872,-0.26108374384236455,"{""type"":""Point"",""coordinates"":[-95.06583,46.75781]}"
447,44.75048,-93.64277,-0.477797513321492,0.29862475442043224,0.6224219989423585,"{""type"":""Point"",""coordinates"":[-93.64277,44.75048]}"
448,43.0235,-87.894,-0.10985915492957747,-0.14974182444061962,-0.2167577413479053,"{""type"":""Point"",""coordinates"":[-87.894,43.02349999999999]}"
449,30.22216,-81.41472,-0.06097560975609756,-0.010752688172043012,-0.11242603550295859,"{""type"":""Point"",""coordinates"":[-81.41472,30.222160000000006]}"
450,46.98119,-94.21984,0.46981627296587924,-0.01910828025477707,-0.08108108108108109,"{""type"":""Point"",""coordinates"":[-94.21984,46.981190000000005]}"
451,38.96417,-94.42639,-0.6368989205103042,0.3665609424558224,0.6147699090658584,"{""type"":""Point"",""coordinates"":[-94.42639,38.96417]}"
452,47.32877,-123.12582,-0.39828693790149894,0.46866725507502205,0.8049254698639015,"{""type"":""Point"",""coordinates"":[-123.12582,47.32877]}"
453,29.76972,-82.6673,-0.6637201429377468,0.49672727272727274,0.7764857881136951,"{""type"":""Point"",""coordinates"":[-82.6673,29.76972]}"
454,35.4722,-91.3528,-0.5993820803295572,0.44534412955465585,0.7568766637089619,"{""type"":""Point"",""coordinates"":[-91.3528,35.47220000000001]}"
455,42.00316,-97.4264,-0.20722673893405602,0.16672492135616918,0.0342313145635001,"{""type"":""Point"",""coordinates"":[-97.4264,42.00316]}"
456,37.40381,-119.70392,-0.3258241434215958,-0.03332531016826767,0.2632071644771741,"{""type"":""Point"",""coordinates"":[-119.70391999999998,37.40381]}"
457,44.9665,-72.2256,0.768172888015717,0.05860805860805861,-0.005870841487279843,"{""type"":""Point"",""coordinates"":[-72.2256,44.9665]}"
458,41.1039,-76.6644,-0.27984898537045777,0.19824341279799249,0.19190641795763516,"{""type"":""Point"",""coordinates"":[-76.6644,41.1039]}"
459,36.94948,-120.11104,-0.609564542396615,0.3733175406482179,0.6257234726688103,"{""type"":""Point"",""coordinates"":[-120.11104,36.94948]}"
460,40.36944,-74.61611,-0.5487621905476369,0.3329571106094808,0.6333746898263027,"{""type"":""Point"",""coordinates"":[-74.61611,40.369440000000004]}"
461,44.8513,-89.1622,-0.5546440082039261,0.39702970297029705,0.6779481755684823,"{""type"":""Point"",""coordinates"":[-89.1622,44.85130000000001]}"
462,42.00891,-72.63322,-0.7279253409906676,0.3160621761658031,0.559536354056902,"{""type"":""Point"",""coordinates"":[-72.63322,42.00891]}"
463,28.41689,-81.53623,-0.15584415584415584,-0.09090909090909091,-0.8378378378378378,"{""type"":""Point"",""coordinates"":[-81.53623,28.416890000000006]}"
464,38.98681,-119.16806,-0.14950166112956811,-0.06543075245365322,0.14147627416520211,"{""type"":""Point"",""coordinates"":[-119.16806000000003,38.98681]}"
465,43.10317,-123.94502,-0.5971084337349397,0.6055090998524348,0.9062974646570862,"{""type"":""Point"",""coordinates"":[-123.94502,43.10317]}"
466,46.4135,-84.59958,-0.5831802408654827,0.47686832740213525,0.7953501322567172,"{""type"":""Point"",""coordinates"":[-84.59958000000002,46.413500000000006]}"
467,45.05873,-93.16515,0.2915129151291513,-0.043478260869565216,-0.35064935064935066,"{""type"":""Point"",""coordinates"":[-93.16515,45.05872999999999]}"
468,48.80082,-122.59547,-0.43291139240506327,0.3227680929741152,0.6985657183164825,"{""type"":""Point"",""coordinates"":[-122.59547,48.80082]}"
469,32.49752,-80.39905,0.2122587968217934,0.00944386149003148,0.22047894302229562,"{""type"":""Point"",""coordinates"":[-80.39905,32.49752]}"
470,40.50898,-86.84539,-0.5273596176821983,0.31812525922853585,0.7026049204052098,"{""type"":""Point"",""coordinates"":[-86.84539,40.50898]}"
471,28.06882,-80.62118,-0.3090332805071315,0.00911854103343465,0.3049040511727079,"{""type"":""Point"",""coordinates"":[-80.62118,28.068820000000002]}"
472,40.07628,-111.38264,-0.42000673627484003,0.1200724966017218,0.36598106431603006,"{""type"":""Point"",""coordinates"":[-111.38264000000001,40.07628]}"
473,44.1634,-72.009,0.30973451327433627,0.07216494845360824,0.0625,"{""type"":""Point"",""coordinates"":[-72.009,44.16340000000001]}"
474,41.4131,-73.2823,-0.5519421860885275,0.19703215169002472,0.6053484602917342,"{""type"":""Point"",""coordinates"":[-73.2823,41.4131]}"
475,40.02517,-85.32303,0.6288659793814433,-0.0530209617755857,-0.1356382978723404,"{""type"":""Point"",""coordinates"":[-85.32303,40.025169999999996]}"
476,40.28285,-82.88548,-0.5190947666195191,0.37248028045574055,0.7437365783822477,"{""type"":""Point"",""coordinates"":[-82.88548,40.28285]}"
477,26.85087,-82.06777,0.3890909090909091,-0.046052631578947366,-0.37662337662337664,"{""type"":""Point"",""coordinates"":[-82.06777,26.850869999999997]}"
478,39.65961,-106.82975,-0.4612794612794613,0.19090909090909092,0.49764816556914393,"{""type"":""Point"",""coordinates"":[-106.82975000000002,39.65961]}"
479,41.43775,-85.25177,-0.2736380713838447,0.45412490362374713,0.31988472622478387,"{""type"":""Point"",""coordinates"":[-85.25177,41.43775]}"
480,40.20817,-74.48293,-0.39961202715809896,0.10422163588390501,0.543119883368846,"{""type"":""Point"",""coordinates"":[-74.48293,40.20817]}"
481,42.94891,-70.78633,0.009978832778953735,0.07453913972749132,0.0525164113785558,"{""type"":""Point"",""coordinates"":[-70.78633,42.94890999999999]}"
482,45.13592,-93.44722,-0.48526928129104896,0.4465000654193379,0.7971225781699597,"{""type"":""Point"",""coordinates"":[-93.44722,45.13592]}"
483,41.05545,-124.13127,-0.06976744186046512,-0.033165724409243674,0.1584755114166879,"{""type"":""Point"",""coordinates"":[-124.13127,41.05545]}"
484,27.86698,-82.313,-0.3318077803203661,0.12030075187969924,-0.012987012987012988,"{""type"":""Point"",""coordinates"":[-82.313,27.866980000000005]}"
485,47.73832,-91.76989,-0.6074766355140186,0.3942857142857143,0.6057385759829969,"{""type"":""Point"",""coordinates"":[-91.76989,47.738319999999995]}"
486,43.64924,-112.91708,0.19990669465826919,-0.1933896437752479,0.01955104996379435,"{""type"":""Point"",""coordinates"":[-112.91708000000001,43.64924]}"
487,47.56028,-100.98209,-0.3413173652694611,0.13709146742706735,0.35306692978128595,"{""type"":""Point"",""coordinates"":[-100.98209000000001,47.560280000000006]}"
488,43.5912,-111.20147,-0.44624624624624626,0.43920145190562615,0.7507059298104074,"{""type"":""Point"",""coordinates"":[-111.20147,43.59120000000001]}"
489,30.52037,-84.25063,0.003970880211780278,0.29607609988109396,0.6508061344868266,"{""type"":""Point"",""coordinates"":[-84.25063,30.520370000000003]}"
490,29.51695,-82.2227,-0.2449877750611247,-0.019441069258809233,0.28075439348478354,"{""type"":""Point"",""coordinates"":[-82.2227,29.51695000000001]}"
491,26.0357,-80.26821,-0.6375661375661376,0.36363636363636365,0.6919883769198838,"{""type"":""Point"",""coordinates"":[-80.26821,26.0357]}"
492,39.5825,-106.763,0.2011577424023155,0.21586740931938594,0.12399453634845956,"{""type"":""Point"",""coordinates"":[-106.763,39.58250000000001]}"
493,28.35,-82.76667,0.7562568008705114,-0.18374558303886926,-0.47902869757174393,"{""type"":""Point"",""coordinates"":[-82.76667,28.35]}"
494,27.95424,-81.36927,-0.6362329259525521,0.3384615384615385,0.7056573384336622,"{""type"":""Point"",""coordinates"":[-81.36927,27.954240000000002]}"
495,45.08692,-94.20036,0.43664977327287274,-8.833922261484226E-4,-0.18220946915351505,"{""type"":""Point"",""coordinates"":[-94.20036,45.08692]}"
496,41.22806,-82.64235,-0.165051053379863,-0.01905829596412556,0.16240497581202487,"{""type"":""Point"",""coordinates"":[-82.64235,41.22806]}"
497,34.68508,-120.42775,-0.4914004914004914,0.15355805243445692,0.4783612233121754,"{""type"":""Point"",""coordinates"":[-120.42775,34.68508]}"
498,41.56047,-122.97052,-0.5013799448022079,0.017862942513803184,0.3035467526485491,"{""type"":""Point"",""coordinates"":[-122.97052000000001,41.56047]}"
499,38.74268,-87.40653,-0.4918598914652195,0.32734082397003744,0.40252827677977376,"{""type"":""Point"",""coordinates"":[-87.40653,38.74268000000001]}"
500,30.21079,-85.65496,0.3198992443324937,-0.12903225806451613,-0.2316715542521994,"{""type"":""Point"",""coordinates"":[-85.65496000000002,30.21079]}"
501,41.18068,-111.40046,-0.4927718416090509,0.2957983193277311,0.5113702623906705,"{""type"":""Point"",""coordinates"":[-111.40046000000001,41.18068000000001]}"
502,33.48458,-83.95797,0.11736461435604446,-0.09659899133583344,-0.01646156304938465,"{""type"":""Point"",""coordinates"":[-83.95797,33.48458]}"
503,45.85074,-122.8182,-0.48819202477739065,0.38001359619306596,0.7855126999059266,"{""type"":""Point"",""coordinates"":[-122.8182,45.85074]}"
504,44.98243,-74.6555,-0.1031578947368421,-0.06329113924050633,-0.06329113924050633,"{""type"":""Point"",""coordinates"":[-74.6555,44.98243]}"
505,36.17434,-86.82402,-0.3885741265344665,0.22160970231532526,0.5981787137165623,"{""type"":""Point"",""coordinates"":[-86.82402000000002,36.17434]}"
506,37.21038,-76.74719,0.896602658788774,0.0170316301703163,-0.4584837545126354,"{""type"":""Point"",""coordinates"":[-76.74719,37.21038]}"
507,41.565,-85.4381,-0.4406060606060606,0.21258426966292135,0.550654013849705,"{""type"":""Point"",""coordinates"":[-85.4381,41.56499999999999]}"
508,38.26796,-93.40856,0.8004434589800443,-0.0912621359223301,-0.5654596100278552,"{""type"":""Point"",""coordinates"":[-93.40856000000001,38.26796]}"
509,40.8839,-80.2336,-0.5783720476283428,0.2753259779338014,0.15472360339280491,"{""type"":""Point"",""coordinates"":[-80.2336,40.883900000000004]}"
510,42.08237,-113.9289,-0.3902880244136478,0.052963998917260696,0.18920067206118077,"{""type"":""Point"",""coordinates"":[-113.9289,42.08237]}"
511,35.06647,-106.56088,-0.33097176694512004,0.05845841327163979,0.09457919583265506,"{""type"":""Point"",""coordinates"":[-106.56088,35.06647]}"
512,44.2463,-123.3786,-0.4665359156656042,0.4345665378244064,0.7799111620576014,"{""type"":""Point"",""coordinates"":[-123.37859999999999,44.2463]}"
513,33.23603,-107.36067,-0.3734463276836158,0.11712353150587397,0.25748502994011974,"{""type"":""Point"",""coordinates"":[-107.36067,33.23602999999999]}"
514,27.98781,-82.65262,0.9002493765586035,-0.08143322475570032,-0.502262443438914,"{""type"":""Point"",""coordinates"":[-82.65262,27.98781]}"
515,41.2349,-73.21723,-0.5420760358821016,0.1938352104327208,0.532967032967033,"{""type"":""Point"",""coordinates"":[-73.21723,41.2349]}"
516,40.45769,-87.13106,-0.2912359550561798,0.013904982618771726,0.36039083051484405,"{""type"":""Point"",""coordinates"":[-87.13106,40.45769000000001]}"
517,46.68877,-94.09422,0.5714285714285714,0.1694915254237288,-0.4626865671641791,"{""type"":""Point"",""coordinates"":[-94.09422,46.68877]}"
518,35.6624,-83.38531,-0.5845088484226725,0.35053763440860214,0.7346687752591812,"{""type"":""Point"",""coordinates"":[-83.38531,35.662400000000005]}"
519,38.94587,-77.10698,-0.6127093173035638,0.506961506961507,0.8234086242299795,"{""type"":""Point"",""coordinates"":[-77.10698,38.94587]}"
520,46.04314,-118.4628,-0.5238334169593577,0.23867069486404835,0.594296228150874,"{""type"":""Point"",""coordinates"":[-118.46280000000002,46.04314]}"
521,40.31593,-87.02763,-0.5225893459204316,0.2549828178694158,0.4282700421940928,"{""type"":""Point"",""coordinates"":[-87.02763,40.31593000000001]}"
522,39.72714,-122.16992,-0.556224467856375,0.2049306625577812,0.6078431372549019,"{""type"":""Point"",""coordinates"":[-122.16992000000002,39.72714]}"
523,40.4225,-87.18284,-0.5434010512856939,0.28210571004033114,0.484215342382187,"{""type"":""Point"",""coordinates"":[-87.18284,40.4225]}"
524,44.20356,-89.72116,-0.5866141732283464,0.4559386973180077,0.7010526315789474,"{""type"":""Point"",""coordinates"":[-89.72116,44.20356]}"
525,42.62646,-77.26525,-0.5062124248496994,0.43071672354948803,0.7665827036104114,"{""type"":""Point"",""coordinates"":[-77.26525,42.62646]}"
526,30.54593,-95.29172,-0.5472972972972973,0.45297297297297295,0.790302527973477,"{""type"":""Point"",""coordinates"":[-95.29172,30.545929999999995]}"
527,37.58503,-90.58451,-0.3161922252831344,0.16142131979695432,0.2244131455399061,"{""type"":""Point"",""coordinates"":[-90.58451,37.58503]}"
528,24.52162,-81.56432,0.7007874015748031,-0.056818181818181816,-0.15527950310559005,"{""type"":""Point"",""coordinates"":[-81.56432,24.52162]}"
529,29.02468,-82.72071,-0.6467836257309941,0.5727002967359051,0.3348729792147806,"{""type"":""Point"",""coordinates"":[-82.72071,29.024679999999996]}"
530,34.07041,-82.64297,0.8725490196078431,-0.0196078431372549,-0.41818181818181815,"{""type"":""Point"",""coordinates"":[-82.64297000000002,34.07041]}"
531,27.78928,-82.64133,0.004464285714285714,0.11436950146627566,-0.17509727626459143,"{""type"":""Point"",""coordinates"":[-82.64133000000001,27.789280000000005]}"
532,35.32592,-96.12483,-0.17198827703223815,0.014084507042253521,0.14733178654292342,"{""type"":""Point"",""coordinates"":[-96.12483,35.32592]}"
533,37.91046,-87.27146,-0.31116389548693585,0.14167812929848694,0.4573913043478261,"{""type"":""Point"",""coordinates"":[-87.27146,37.91046]}"
534,41.4682,-72.3381,-0.4255757701248953,-0.019587359623922697,0.4116716271710055,"{""type"":""Point"",""coordinates"":[-72.3381,41.46820000000001]}"
535,29.97632,-83.78821,0.4911242603550296,0.1476510067114094,0.02681992337164751,"{""type"":""Point"",""coordinates"":[-83.78821,29.97632]}"
536,40.3775,-86.68368,-0.3555045871559633,0.07604671033893477,0.5101177891875567,"{""type"":""Point"",""coordinates"":[-86.68368,40.377500000000005]}"
537,47.95434,-102.08649,-0.34976132111985553,0.03873888982056012,0.3414522058823529,"{""type"":""Point"",""coordinates"":[-102.08649,47.95434]}"
538,35.21449,-106.58993,-0.3692391211177462,0.04369230769230772,0.17244133799301048,"{""type"":""Point"",""coordinates"":[-106.58993,35.21449]}"
539,41.3458,-72.9585,-0.6132190942472461,0.24276729559748428,0.5706134094151213,"{""type"":""Point"",""coordinates"":[-72.9585,41.3458]}"
540,25.59108,-80.33172,-0.6423477783872737,0.4876360039564787,0.8375666353088742,"{""type"":""Point"",""coordinates"":[-80.33172,25.59108]}"
541,30.46408,-91.18622,-0.5825350036845984,0.29319686935580974,0.6057094878253568,"{""type"":""Point"",""coordinates"":[-91.18622,30.464080000000003]}"
542,41.99423,-77.87028,-0.30507549572494086,0.0761714412613813,0.20761904761904762,"{""type"":""Point"",""coordinates"":[-77.87028,41.99423]}"
543,40.29736,-74.36164,-0.31966503032053134,0.20434711015972337,0.4168476949070722,"{""type"":""Point"",""coordinates"":[-74.36164000000001,40.29736]}"
544,37.76954,-89.81122,-0.5700649102710958,0.30596536241180244,0.6030814380044021,"{""type"":""Point"",""coordinates"":[-89.81122000000002,37.76953999999999]}"
545,39.38119,-75.31416,-0.445777677156441,0.1340941512125535,0.5485310524358498,"{""type"":""Point"",""coordinates"":[-75.31416,39.38119]}"
546,27.31177,-82.56508,0.9027027027027027,-0.2371392722710163,-0.7638640429338104,"{""type"":""Point"",""coordinates"":[-82.56508000000001,27.31177]}"
547,39.9281,-83.105,-0.5337423312883436,0.4116623150565709,0.6671590349581487,"{""type"":""Point"",""coordinates"":[-83.105,39.9281]}"
548,47.32696,-123.12506,-0.5230247212796898,0.506993006993007,0.7452574525745257,"{""type"":""Point"",""coordinates"":[-123.12506,47.32696000000001]}"
549,39.02018,-90.92147,-0.45524296675191817,0.41144781144781145,0.20904977375565612,"{""type"":""Point"",""coordinates"":[-90.92147,39.02018]}"
550,29.71198,-82.63545,-0.6844919786096256,0.49081007488087136,0.7773809523809524,"{""type"":""Point"",""coordinates"":[-82.63545,29.71198]}"
551,37.07877,-105.75674,-0.4285091067728214,0.2790930310103368,0.23656394924550952,"{""type"":""Point"",""coordinates"":[-105.75674,37.07877]}"
552,42.99539,-71.42119,0.28726147498710675,-0.12760416666666663,-0.3769875686614628,"{""type"":""Point"",""coordinates"":[-71.42119,42.99539000000001]}"
553,41.07218,-73.511,-0.4677777777777778,0.32068965517241377,0.47745358090185674,"{""type"":""Point"",""coordinates"":[-73.511,41.07218]}"
554,43.02971,-83.67385,-0.505005177770107,0.39498607242339834,0.7070407337469652,"{""type"":""Point"",""coordinates"":[-83.67385,43.02971000000001]}"
555,38.94876,-122.63799,0.346738597351643,0.12793483469094394,0.10609037328094302,"{""type"":""Point"",""coordinates"":[-122.63799,38.94876]}"
556,35.89333,-79.01972,-0.6613213598460551,0.44321329639889195,0.6492146596858639,"{""type"":""Point"",""coordinates"":[-79.01972,35.893330000000006]}"
557,38.41865,-86.70291,0.18425760286225404,0.007594936708860759,-0.19148936170212766,"{""type"":""Point"",""coordinates"":[-86.70291,38.41865]}"
558,46.66745,-120.4795,-0.5656198347107438,0.29053732762719925,0.6653207716464783,"{""type"":""Point"",""coordinates"":[-120.47949999999999,46.66745000000001]}"
559,40.20793,-82.88705,0.6548089591567853,0.18333333333333332,-0.1922141119221411,"{""type"":""Point"",""coordinates"":[-82.88705,40.20793]}"
560,28.04056,-81.92836,0.4158415841584158,0.14285714285714285,-0.4198473282442748,"{""type"":""Point"",""coordinates"":[-81.92836,28.040559999999992]}"
561,33.28469,-86.88281,-0.4059599413776258,0.23133414932680538,0.15591397849462366,"{""type"":""Point"",""coordinates"":[-86.88281,33.284690000000005]}"
562,35.40607,-82.75705,-0.6378351036924633,0.4065381391450126,0.6908296943231441,"{""type"":""Point"",""coordinates"":[-82.75705,35.40606999999999]}"
563,39.17497,-108.66373,-0.40857908847184987,0.20597217509331522,0.4867295459530599,"{""type"":""Point"",""coordinates"":[-108.66373000000002,39.17497]}"
564,39.28428,-74.58238,0.6563071297989032,-0.06752411575562701,-0.4188034188034188,"{""type"":""Point"",""coordinates"":[-74.58238,39.28428]}"
565,41.30789,-85.65642,-0.04024767801857585,0.06563706563706563,0.1986754966887417,"{""type"":""Point"",""coordinates"":[-85.65642,41.30788999999999]}"
566,25.5704,-80.38146,-0.5570161025303977,0.42096860031931876,0.7263581488933601,"{""type"":""Point"",""coordinates"":[-80.38146,25.570399999999996]}"
567,28.49291,-81.78053,0.13357400722021662,-0.25217391304347825,-0.7349397590361446,"{""type"":""Point"",""coordinates"":[-81.78053,28.49291]}"
568,39.60219,-84.96981,-0.5628715134887975,0.49246629659000796,0.7527047913446677,"{""type"":""Point"",""coordinates"":[-84.96981,39.60219]}"
569,42.85879,-112.02952,-0.48207690636541384,0.4269746646795827,0.8079660382070171,"{""type"":""Point"",""coordinates"":[-112.02952,42.85878999999999]}"
570,44.08472,-103.58,-0.3505226480836237,0.24014336917562723,0.5619834710743802,"{""type"":""Point"",""coordinates"":[-103.58,44.08472]}"
571,36.04979,-91.60619,-0.28132644740418594,0.011451034011280123,0.20275671950379048,"{""type"":""Point"",""coordinates"":[-91.60619,36.04979]}"
572,48.49915,-117.18145,-0.598682543704079,0.48812664907651715,0.7207293666026872,"{""type"":""Point"",""coordinates"":[-117.18145,48.49915]}"
573,45.44562,-93.0552,0.09547738693467336,0.11496746203904555,0.31543624161073824,"{""type"":""Point"",""coordinates"":[-93.0552,45.44562]}"
574,41.67107,-70.39687,-0.48236570808464463,0.09230769230769231,0.5523520485584219,"{""type"":""Point"",""coordinates"":[-70.39687,41.67107000000001]}"
575,27.73893,-82.65081,0.7953795379537953,0.36666666666666664,-0.5682539682539682,"{""type"":""Point"",""coordinates"":[-82.65081,27.738930000000003]}"
576,33.26822,-79.26879,0.7105263157894737,-0.04242424242424243,-0.423841059602649,"{""type"":""Point"",""coordinates"":[-79.26879,33.26821999999999]}"
577,37.9181,-91.10125,-0.5836487509462528,0.39194139194139194,0.6459181694783789,"{""type"":""Point"",""coordinates"":[-91.10125000000001,37.9181]}"
578,47.43183,-123.97305,-0.5328368314150305,0.45263157894736844,0.7947705969412926,"{""type"":""Point"",""coordinates"":[-123.97305,47.43183]}"
579,28.24732,-80.84074,-0.5515008828722778,0.5867924528301887,0.752542372881356,"{""type"":""Point"",""coordinates"":[-80.84074,28.247319999999995]}"
580,45.392,-92.82024,0.64453125,0.13793103448275862,-0.24688279301745636,"{""type"":""Point"",""coordinates"":[-92.82024,45.392]}"
581,45.63106,-68.87045,-0.12560566530003728,0.2482387070037298,0.6123103227185296,"{""type"":""Point"",""coordinates"":[-68.87045,45.63106]}"
582,48.23518,-119.00856,-0.688039457459926,0.4925,0.7607542722451385,"{""type"":""Point"",""coordinates"":[-119.00856,48.23517999999999]}"
583,29.04566,-82.46475,0.006022368798394035,-0.03208556149732621,0.03788634097706879,"{""type"":""Point"",""coordinates"":[-82.46475,29.045659999999994]}"
584,40.29975,-110.60426,-0.44229455952651947,0.2617046818727491,0.3762677484787018,"{""type"":""Point"",""coordinates"":[-110.60426,40.29975]}"
585,39.62134,-105.01718,-0.5774916547448736,0.3612424037812289,0.19762510602205258,"{""type"":""Point"",""coordinates"":[-105.01718000000001,39.62133999999999]}"
586,40.9933,-75.1375,-0.6298671552908841,0.6007556675062973,0.5303703703703704,"{""type"":""Point"",""coordinates"":[-75.1375,40.9933]}"
587,56.24056,-130.88028,-0.10362204724409449,0.1731301939058172,0.515520389531345,"{""type"":""Point"",""coordinates"":[-130.88028,56.240559999999995]}"
588,37.88861,-122.5672,-0.5372670807453416,0.37373737373737376,0.771371102916527,"{""type"":""Point"",""coordinates"":[-122.56720000000003,37.88861]}"
589,46.9141,-122.083,-0.5517241379310345,0.6157205240174672,0.9055793991416309,"{""type"":""Point"",""coordinates"":[-122.083,46.9141]}"
590,32.81483,-95.55264,0.6234567901234568,0.055865921787709494,-0.15753424657534246,"{""type"":""Point"",""coordinates"":[-95.55264000000001,32.81483]}"
591,38.87837,-86.65274,-0.4898821436513231,0.17552118359112306,0.43825887743413516,"{""type"":""Point"",""coordinates"":[-86.65274,38.87837]}"
592,33.6972,-93.0833,0.616580310880829,-0.014256619144602852,-0.36065573770491804,"{""type"":""Point"",""coordinates"":[-93.0833,33.6972]}"
593,37.9748,-87.2311,-0.5474506885001861,0.38305084745762713,0.41163793103448276,"{""type"":""Point"",""coordinates"":[-87.2311,37.9748]}"
594,27.30825,-82.46042,-0.3077575243747351,0.08888888888888889,0.23434297426554315,"{""type"":""Point"",""coordinates"":[-82.46042,27.308249999999997]}"
595,36.46195,-93.75201,-0.2821270310192024,0.11923636951949523,0.11465278907139373,"{""type"":""Point"",""coordinates"":[-93.75201000000001,36.46195]}"
596,36.63582,-94.63009,-0.5869069815620468,0.4438305709023941,0.4460409660654234,"{""type"":""Point"",""coordinates"":[-94.63009,36.63582000000001]}"
597,27.87337,-82.31,-0.41379310344827586,0.050505050505050504,0.2878787878787879,"{""type"":""Point"",""coordinates"":[-82.31,27.873369999999998]}"
598,41.23572,-73.22811,-0.48835041938490215,0.17542748575047498,0.5639651707970529,"{""type"":""Point"",""coordinates"":[-73.22811,41.23572000000001]}"
599,46.81622,-88.29783,-0.39840848806366047,0.44956521739130434,0.8512338425381903,"{""type"":""Point"",""coordinates"":[-88.29783,46.81622]}"
600,32.05418,-95.4419,0.0875,0.13131313131313133,-0.053061224489795916,"{""type"":""Point"",""coordinates"":[-95.44190000000002,32.05418]}"
601,43.29759,-71.69369,-0.37009063444108764,0.2300469483568075,0.7117750439367311,"{""type"":""Point"",""coordinates"":[-71.69369,43.29758999999999]}"
602,27.55077,-81.79409,-0.4502587694077056,0.23936398796733993,0.5495036905064902,"{""type"":""Point"",""coordinates"":[-81.79409,27.550770000000004]}"
603,40.19037,-74.26469,-0.5924170616113744,0.270473328324568,0.670568278201866,"{""type"":""Point"",""coordinates"":[-74.26469,40.190369999999994]}"
604,46.20251,-118.99478,0.30402104472003005,0.6136306690052619,0.5251000923929782,"{""type"":""Point"",""coordinates"":[-118.99477999999999,46.20251]}"
605,39.93966,-86.05935,-0.5042283298097252,0.43522561863173215,0.7970003487966516,"{""type"":""Point"",""coordinates"":[-86.05935000000001,39.93966000000001]}"
606,41.59,-85.19388,0.5492957746478874,0.001277139208173691,-0.1724137931034483,"{""type"":""Point"",""coordinates"":[-85.19388,41.589999999999996]}"
607,36.8833,-76.1506,0.3959731543624161,0.20833333333333334,-0.1949685534591195,"{""type"":""Point"",""coordinates"":[-76.1506,36.8833]}"
608,47.1675,-98.96861,-0.342501515080882,0.15358185244024092,0.524885939444214,"{""type"":""Point"",""coordinates"":[-98.96861000000001,47.167500000000004]}"
609,28.46552,-82.36441,-0.3931034482758621,0.07692307692307693,-0.010526315789473684,"{""type"":""Point"",""coordinates"":[-82.36441,28.46552]}"
610,39.53582,-103.91329,-0.4672083575159605,0.07142857142857142,0.20826850411202488,"{""type"":""Point"",""coordinates"":[-103.91329000000002,39.53582000000001]}"
611,39.78047,-86.25972,-0.41165983241219467,0.1951219512195122,0.5567370924863579,"{""type"":""Point"",""coordinates"":[-86.25972,39.78047000000001]}"
612,27.24921,-82.38609,-0.5136096779932396,0.21955307262569831,0.617836137327315,"{""type"":""Point"",""coordinates"":[-82.38609,27.24921]}"
613,42.76569,-97.17632,-0.21602136181575435,-0.09672830725462304,0.19561815336463223,"{""type"":""Point"",""coordinates"":[-97.17632,42.76569]}"
614,46.67991,-120.46095,-0.4026322857910287,0.16937669376693767,0.42857142857142855,"{""type"":""Point"",""coordinates"":[-120.46095000000003,46.67991]}"
615,40.82912,-82.31034,-0.5733463509885282,0.39665715450468814,0.7112758486149044,"{""type"":""Point"",""coordinates"":[-82.31034,40.82912]}"
616,33.84333,-103.31556,-0.5455180442374854,0.1297656523259881,0.3067706882139872,"{""type"":""Point"",""coordinates"":[-103.31556,33.84333000000001]}"
617,36.78673,-93.06157,-0.5950433705080546,0.3554083885209713,0.6517175572519084,"{""type"":""Point"",""coordinates"":[-93.06157,36.78673]}"
618,44.18212,-70.42091,-0.4801819363222872,0.30474452554744524,0.7069230769230769,"{""type"":""Point"",""coordinates"":[-70.42091,44.182120000000005]}"
619,39.11838,-84.82178,0.7056396148555708,0.0449438202247191,-0.23367198838896952,"{""type"":""Point"",""coordinates"":[-84.82178,39.11838]}"
620,47.8609,-116.00258,-0.4247104247104247,0.4965229485396384,0.8515176374077112,"{""type"":""Point"",""coordinates"":[-116.00258000000004,47.8609]}"
621,44.04514,-113.45427,-0.47558341528874354,0.12739879939648813,0.3451232569919627,"{""type"":""Point"",""coordinates"":[-113.45427,44.04514]}"
622,45.46767,-118.86125,-0.41042345276872966,0.21076233183856502,0.6104039845047039,"{""type"":""Point"",""coordinates"":[-118.86125,45.46766999999999]}"
623,40.7067,-77.5344,-0.5247425270032655,0.27379873073436084,0.6671514647828797,"{""type"":""Point"",""coordinates"":[-77.5344,40.7067]}"
624,45.75206,-121.52702,-0.6299357208448118,0.48976377952755906,0.7850746268656716,"{""type"":""Point"",""coordinates"":[-121.52702,45.75206]}"
625,40.06278,-105.5125,-0.4988814317673378,0.37037037037037035,0.7096936212958312,"{""type"":""Point"",""coordinates"":[-105.5125,40.06278]}"
626,25.95145,-80.10287,0.7566539923954373,-0.5918367346938775,-0.5,"{""type"":""Point"",""coordinates"":[-80.10287,25.95145]}"
627,39.82825,-87.24861,-0.4216456128371458,0.20542005420054202,0.571970802919708,"{""type"":""Point"",""coordinates"":[-87.24861,39.82824999999999]}"
628,26.74444,-80.76917,0.4339622641509434,0.05454545454545454,-0.08538899430740038,"{""type"":""Point"",""coordinates"":[-80.76917,26.74444]}"
629,34.24728,-103.12186,-0.582239268328662,0.06582658265826588,0.37678142514011215,"{""type"":""Point"",""coordinates"":[-103.12186,34.24728]}"
630,27.85731,-82.26931,0.010458567980691875,-0.040437158469945354,0.02401874633860574,"{""type"":""Point"",""coordinates"":[-82.26931,27.857310000000002]}"
631,38.27167,-104.71803,-0.3907335907335907,0.0903078097176291,0.37416870843542177,"{""type"":""Point"",""coordinates"":[-104.71803000000001,38.27167]}"
632,33.94365,-81.07902,-0.2438282042610754,0.008723235527359239,0.17844232665133092,"{""type"":""Point"",""coordinates"":[-81.07902,33.94365]}"
633,37.87687,-93.71925,-0.49519071310116086,0.2109704641350211,0.5005008347245409,"{""type"":""Point"",""coordinates"":[-93.71925,37.87687]}"
634,43.60117,-110.74264,-0.49482852476864453,0.08114464915719326,0.2827417380660955,"{""type"":""Point"",""coordinates"":[-110.74264000000001,43.60117]}"
635,36.0506,-94.1189,-0.49774436090225566,0.26670015067805125,0.46870451237263466,"{""type"":""Point"",""coordinates"":[-94.1189,36.05060000000001]}"
636,39.53139,-110.73444,-0.3200314218381775,0.12835078998757324,0.2939315501869428,"{""type"":""Point"",""coordinates"":[-110.73444000000002,39.53139000000001]}"
637,32.36529,-80.6779,0.8319604612850082,-0.02425876010781671,-0.5261044176706827,"{""type"":""Point"",""coordinates"":[-80.6779,32.36529]}"
638,46.99116,-94.06828,0.48767416934619506,0.10848549946294307,-0.16736990154711673,"{""type"":""Point"",""coordinates"":[-94.06828,46.99116]}"
639,26.25208,-80.0802,0.265195857721747,-0.010243277848911651,-0.03137254901960784,"{""type"":""Point"",""coordinates"":[-80.0802,26.252080000000003]}"
640,39.11885,-119.75185,-0.3039107268523173,-0.025040533237254508,0.2132734185966125,"{""type"":""Point"",""coordinates"":[-119.75185000000002,39.11885]}"
641,36.9153,-78.7406,-0.12849162011173185,0.057203389830508475,0.04043126684636118,"{""type"":""Point"",""coordinates"":[-78.7406,36.9153]}"
642,42.69394,-103.56936,-0.36933223413025557,0.17737003058103976,0.5194998511461745,"{""type"":""Point"",""coordinates"":[-103.56936000000002,42.69394]}"
643,26.8858,-82.00587,-0.062173706691979115,-0.045112781954887216,0.10802139037433155,"{""type"":""Point"",""coordinates"":[-82.00587,26.885800000000003]}"
644,46.67174,-120.44865,-0.28502415458937197,0.0701317194731221,0.07768361581920905,"{""type"":""Point"",""coordinates"":[-120.44865,46.67174]}"
645,45.14861,-93.45917,-0.5667960270999144,0.4003271460066852,0.7771876279942395,"{""type"":""Point"",""coordinates"":[-93.45917,45.14861]}"
646,47.3901,-123.02,-0.32839721254355403,0.2604828462515883,0.6741321388577828,"{""type"":""Point"",""coordinates"":[-123.02000000000001,47.3901]}"
647,45.15358,-94.86005,-0.5056179775280899,0.18323353293413175,0.5323428571428571,"{""type"":""Point"",""coordinates"":[-94.86005,45.15358]}"
648,41.32781,-89.00814,0.5463371579876434,0.08068783068783068,-0.25678119349005424,"{""type"":""Point"",""coordinates"":[-89.00814,41.32781]}"
649,36.99542,-76.16772,0.8485639686684073,-0.09803921568627451,-0.423728813559322,"{""type"":""Point"",""coordinates"":[-76.16772,36.99542]}"
650,35.21551,-93.94031,-0.4731523507750279,0.24871847447201148,0.49835706462212487,"{""type"":""Point"",""coordinates"":[-93.94031,35.21551]}"
651,35.87167,-95.23306,0.673469387755102,0.0,-0.4624277456647399,"{""type"":""Point"",""coordinates"":[-95.23306000000001,35.871669999999995]}"
652,43.14313,-87.9261,0.09538461538461539,-0.27157001414427157,0.050184891706286316,"{""type"":""Point"",""coordinates"":[-87.92610000000002,43.14313]}"
653,39.56528,-107.41722,-0.3323791023412739,0.13419691772054684,0.31805579360198416,"{""type"":""Point"",""coordinates"":[-107.41722,39.56528]}"
654,37.26748,-113.37078,-0.28243630841909906,0.012535456125903559,0.14720491285107923,"{""type"":""Point"",""coordinates"":[-113.37078000000001,37.26748]}"
655,36.35324,-84.6908,-0.4598223954949101,0.09700996677740864,0.3346389228886169,"{""type"":""Point"",""coordinates"":[-84.6908,36.35324]}"
656,43.64609,-94.83029,-0.30884701373363144,0.0340632603406326,0.2348217153870864,"{""type"":""Point"",""coordinates"":[-94.83029,43.64609000000001]}"
657,28.0512,-82.50559,-0.49474689589302767,0.3298585256887565,0.6934604904632152,"{""type"":""Point"",""coordinates"":[-82.50559,28.051199999999998]}"
658,43.11721,-123.44036,-0.5174302788844621,0.5047528517110266,0.8560176868868316,"{""type"":""Point"",""coordinates"":[-123.44036,43.11721]}"
659,39.822,-105.126,-0.4650808173223544,0.20376175548589343,0.4686192468619247,"{""type"":""Point"",""coordinates"":[-105.12600000000002,39.822]}"
660,45.69172,-93.0573,0.7645107794361525,0.26632124352331604,-0.11320754716981132,"{""type"":""Point"",""coordinates"":[-93.0573,45.69172]}"
661,46.249,-90.02556,-0.34782608695652173,0.3022556390977444,0.13108614232209737,"{""type"":""Point"",""coordinates"":[-90.02556,46.24900000000001]}"
662,43.22185,-122.73421,-0.4868766404199475,0.6373134328358209,0.8058330003995205,"{""type"":""Point"",""coordinates"":[-122.73421,43.22185]}"
663,43.68158,-71.45361,-0.23458540042523032,0.24742974640164497,-0.023299161230195712,"{""type"":""Point"",""coordinates"":[-71.45361,43.68158]}"
664,40.83658,-74.18019,-0.5824701195219123,0.3136645962732919,0.6537406972189581,"{""type"":""Point"",""coordinates"":[-74.18019,40.83658]}"
665,25.87169,-80.16863,-0.06700379266750948,-0.06553635474404956,0.2090997095837367,"{""type"":""Point"",""coordinates"":[-80.16863,25.871690000000005]}"
666,41.4497,-73.34134,-0.6320754716981132,0.23595505617977527,0.5113322277501382,"{""type"":""Point"",""coordinates"":[-73.34134,41.4497]}"
667,37.70792,-93.00501,-0.43301212309605225,0.11848341232227488,0.3357142857142857,"{""type"":""Point"",""coordinates"":[-93.00501,37.70792000000001]}"
668,45.76383,-94.20511,-0.5284469502819067,0.2758132956152758,0.5133079847908745,"{""type"":""Point"",""coordinates"":[-94.20511,45.76383]}"
669,35.0219,-91.5089,0.7489878542510121,-0.027149321266968326,-0.4692556634304207,"{""type"":""Point"",""coordinates"":[-91.5089,35.0219]}"
670,35.95632,-93.24351,-0.6749951578539609,0.3213102686786897,0.6349960411718132,"{""type"":""Point"",""coordinates"":[-93.24351,35.95632]}"
671,26.98648,-81.99336,-0.020527859237536656,0.06306306306306306,-0.21282798833819241,"{""type"":""Point"",""coordinates"":[-81.99336,26.986479999999997]}"
672,34.7013,-78.62838,0.46619217081850534,0.03300970873786408,-0.2607594936708861,"{""type"":""Point"",""coordinates"":[-78.62838,34.7013]}"
673,42.04699,-114.40872,-0.4859432330985619,0.1321884171679307,0.44845417944077126,"{""type"":""Point"",""coordinates"":[-114.40872000000002,42.04699000000001]}"
674,39.31754,-111.18945,-0.34766523347665235,0.07899315624637512,0.0825051999075572,"{""type"":""Point"",""coordinates"":[-111.18945000000001,39.31754]}"
675,38.89309,-92.44546,-0.5143871678706992,0.23151244890375325,0.5172735760971056,"{""type"":""Point"",""coordinates"":[-92.44546,38.89309000000001]}"
676,39.04213,-119.74323,-0.4743207563239928,0.09838107098381071,0.24685321959846038,"{""type"":""Point"",""coordinates"":[-119.74323000000001,39.04213]}"
677,30.0824,-81.80976,-0.192942515651679,0.1278848764594081,0.037747153984421807,"{""type"":""Point"",""coordinates"":[-81.80976,30.082399999999996]}"
678,26.02592,-80.16336,-0.40028694404591103,0.11745334796926454,0.2596685082872928,"{""type"":""Point"",""coordinates"":[-80.16336000000001,26.02592]}"
679,41.6593,-85.9324,-0.5152952335783733,0.3260412284392091,0.649376231122784,"{""type"":""Point"",""coordinates"":[-85.9324,41.6593]}"
680,46.01248,-115.7041,-0.3800494641384996,0.4270116463737427,0.7790479592748056,"{""type"":""Point"",""coordinates"":[-115.70410000000001,46.01248]}"
681,42.58111,-70.73472,-0.49467902506007555,0.1726002703920685,0.45680473372781066,"{""type"":""Point"",""coordinates"":[-70.73472,42.581109999999995]}"
682,42.7842,-85.1999,-0.4097616345062429,0.1703835860838537,0.48999177406087197,"{""type"":""Point"",""coordinates"":[-85.1999,42.784200000000006]}"
683,35.7612,-83.21058,-0.6214253290966864,0.38063063063063063,0.7558810474922326,"{""type"":""Point"",""coordinates"":[-83.21058,35.7612]}"
684,26.69426,-82.03898,0.026906598114824334,-0.09022427666495463,0.026299694189602447,"{""type"":""Point"",""coordinates"":[-82.03898,26.694259999999996]}"
685,30.35771,-95.5655,0.43434343434343436,0.09327548806941431,-0.26666666666666666,"{""type"":""Point"",""coordinates"":[-95.5655,30.357710000000004]}"
686,41.4975,-82.84167,0.9070294784580499,0.08254200146092038,-0.3096976016684046,"{""type"":""Point"",""coordinates"":[-82.84167,41.4975]}"
687,41.19597,-73.43747,-0.23735725938009788,0.008264462809917356,0.1300639658848614,"{""type"":""Point"",""coordinates"":[-73.43747,41.195969999999996]}"
688,47.93728,-97.59395,0.33727810650887574,0.07708333333333334,-0.4644628099173554,"{""type"":""Point"",""coordinates"":[-97.59395000000002,47.93728]}"
689,46.0934,-115.70578,-0.22597746852220013,0.33511111111111114,0.766541822721598,"{""type"":""Point"",""coordinates"":[-115.70578000000003,46.093399999999995]}"
690,45.72817,-100.59584,-0.46369610514505527,0.2319222199716427,0.4795498215756245,"{""type"":""Point"",""coordinates"":[-100.59584000000001,45.72817]}"
691,37.85,-77.4281,-0.5026567481402763,0.21711899791231734,0.4246995653285605,"{""type"":""Point"",""coordinates"":[-77.4281,37.85]}"
692,46.94401,-100.94524,-0.5138492529796878,0.2078583555663352,0.5133363135151244,"{""type"":""Point"",""coordinates"":[-100.94524,46.944010000000006]}"
693,45.32549,-95.09097,0.051933701657458566,0.2567261951181471,-0.13405090749334136,"{""type"":""Point"",""coordinates"":[-95.09097,45.32549]}"
694,32.16799,-87.11358,0.5544430538172715,-0.021372328458942633,-0.25761772853185594,"{""type"":""Point"",""coordinates"":[-87.11358,32.16799]}"
695,36.47344,-121.15466,-0.5215038450583879,0.5654533122315171,0.8490773458971339,"{""type"":""Point"",""coordinates"":[-121.15465999999999,36.47344]}"
696,41.69639,-87.94167,0.04155124653739612,0.031096563011456628,-0.1297709923664122,"{""type"":""Point"",""coordinates"":[-87.94167,41.69639]}"
697,47.7077,-122.2148,-0.534551231135822,0.37373737373737376,0.7502517623363545,"{""type"":""Point"",""coordinates"":[-122.21480000000003,47.7077]}"
698,39.62503,-106.06645,-0.06438356164383562,0.30070588235294116,0.25513784461152883,"{""type"":""Point"",""coordinates"":[-106.06645000000002,39.62503]}"
699,39.78935,-77.27328,-0.5655146221040638,0.42115509409474366,0.6669156086631814,"{""type"":""Point"",""coordinates"":[-77.27328,39.78935]}"
700,46.76902,-92.08982,-0.08522212148685404,0.0440852314474651,0.05278485620677102,"{""type"":""Point"",""coordinates"":[-92.08982000000002,46.76902]}"
701,38.54925,-91.00458,-0.4279512439472366,0.21148946027333795,0.5424116144643097,"{""type"":""Point"",""coordinates"":[-91.00458,38.549249999999994]}"
702,46.27633,-89.1759,-0.6449589966232513,0.5736677115987461,0.8197879858657244,"{""type"":""Point"",""coordinates"":[-89.1759,46.27633]}"
703,28.00821,-80.79396,-0.49221183800623053,0.5366906474820143,0.8584615384615385,"{""type"":""Point"",""coordinates"":[-80.79396,28.00821]}"
704,48.9027,-121.8373,-0.49257425742574257,0.4736371760500447,0.8370452344722645,"{""type"":""Point"",""coordinates"":[-121.83729999999998,48.9027]}"
705,30.38293,-86.88128,0.5306122448979592,-0.11304347826086956,-0.31958762886597936,"{""type"":""Point"",""coordinates"":[-86.88128,30.38293000000001]}"
706,26.91495,-82.33702,0.7558746736292428,-0.06656346749226007,-0.37387836490528414,"{""type"":""Point"",""coordinates"":[-82.33702000000001,26.91495]}"
707,42.78096,-99.33587,0.7074652777777778,0.04084574723690534,-0.25180307306365635,"{""type"":""Point"",""coordinates"":[-99.33587,42.78096]}"
708,45.78473,-115.48408,-0.4517766497461929,0.47297297297297297,0.7303191489361702,"{""type"":""Point"",""coordinates"":[-115.48408000000005,45.78473]}"
709,41.59221,-85.21385,-0.4509298471736328,0.17378768020969856,0.42565597667638483,"{""type"":""Point"",""coordinates"":[-85.21385,41.59221]}"
710,39.5378,-107.7849,-0.39481974940477615,0.13698458453440288,0.3919646799116998,"{""type"":""Point"",""coordinates"":[-107.78490000000001,39.53779999999999]}"
711,40.51072,-123.08296,-0.5342386593470095,0.23824451410658307,0.7213302752293578,"{""type"":""Point"",""coordinates"":[-123.08296,40.51072]}"
712,39.43511,-76.24205,0.7254901960784313,0.027469316189362946,-0.4258783204798629,"{""type"":""Point"",""coordinates"":[-76.24205,39.43511]}"
713,38.93984,-85.7772,-0.48865423500337,0.29660107334525937,0.57510265830992,"{""type"":""Point"",""coordinates"":[-85.7772,38.93984]}"
714,26.15942,-80.78771,-0.8238453276047261,0.7396963123644251,0.7101449275362319,"{""type"":""Point"",""coordinates"":[-80.78771,26.15942]}"
715,42.21,-71.35,-0.6520769917676429,0.5649963451488669,0.6840730739487062,"{""type"":""Point"",""coordinates"":[-71.35,42.209999999999994]}"
716,37.57444,-108.5799,-0.31863945578231295,0.22527121888959795,0.5678946431749422,"{""type"":""Point"",""coordinates"":[-108.57990000000001,37.57444]}"
717,43.78743,-95.60795,-0.5719396484678799,0.2545188080117245,0.6133772485431974,"{""type"":""Point"",""coordinates"":[-95.60795,43.78743]}"
718,43.31381,-78.71542,-0.48517350157728706,0.289198606271777,0.5185434929197572,"{""type"":""Point"",""coordinates"":[-78.71542,43.31381]}"
719,45.30855,-114.5332,-0.43828016643550627,0.23610346725371492,0.6048961001992599,"{""type"":""Point"",""coordinates"":[-114.53320000000001,45.30855]}"
720,35.79494,-79.00758,0.7993920972644377,0.07801418439716312,-0.40161725067385445,"{""type"":""Point"",""coordinates"":[-79.00758,35.79494]}"
721,41.55552,-70.58781,-0.38901527461813457,0.11928335690711929,0.4816870144284129,"{""type"":""Point"",""coordinates"":[-70.58781,41.55552]}"
722,38.93373,-85.79898,-0.6307377049180328,0.4065206316861946,0.3214909726266744,"{""type"":""Point"",""coordinates"":[-85.79898,38.93373]}"
723,41.89289,-87.82734,-0.32113821138211385,0.35515151515151516,0.37777777777777777,"{""type"":""Point"",""coordinates"":[-87.82734,41.89289000000001]}"
724,30.52126,-94.34352,-0.6404019037546271,0.36492890995260663,0.6390086206896551,"{""type"":""Point"",""coordinates"":[-94.34352,30.521260000000005]}"
725,44.04179,-85.7026,-0.5505241090146751,0.43876836948915326,0.659736953754773,"{""type"":""Point"",""coordinates"":[-85.7026,44.04178999999999]}"
726,42.81784,-72.00317,-0.6317079814764369,0.56539035305818,0.6770140428677014,"{""type"":""Point"",""coordinates"":[-72.00317,42.81784]}"
727,40.96541,-111.91717,-0.2794963044073364,0.002717391304347826,0.16921335597057158,"{""type"":""Point"",""coordinates"":[-111.91717,40.96541]}"
728,31.15086,-81.47844,-0.3994033808418959,0.16538461538461538,0.5183129855715871,"{""type"":""Point"",""coordinates"":[-81.47844,31.15086]}"
729,40.9744,-76.8,-0.3352622061482821,0.12279025322503584,0.3507779349363508,"{""type"":""Point"",""coordinates"":[-76.8,40.974399999999996]}"
730,45.35323,-92.96849,-0.2846598843008179,0.08820709491850431,0.24403815580286167,"{""type"":""Point"",""coordinates"":[-92.96849,45.35323]}"
731,44.5434,-92.8041,-0.5446516192345436,0.2866026003391747,0.5994922246905744,"{""type"":""Point"",""coordinates"":[-92.8041,44.5434]}"
732,37.56206,-90.29586,-0.4849144268658471,0.25418151905675895,0.5107913669064749,"{""type"":""Point"",""coordinates"":[-90.29586,37.562059999999995]}"
733,46.06905,-89.3453,0.43946188340807174,0.08171206225680934,-0.26654740608228983,"{""type"":""Point"",""coordinates"":[-89.3453,46.069050000000004]}"
734,35.44806,-105.58,-0.3951675759937646,0.02882205513784461,0.2159838138593829,"{""type"":""Point"",""coordinates"":[-105.58000000000001,35.44806]}"
735,26.91136,-80.17601,-0.4592484138604197,0.2776280323450135,0.4572901325478645,"{""type"":""Point"",""coordinates"":[-80.17601,26.911360000000002]}"
736,41.15971,-73.45277,-0.5250158328055732,0.1823329558323896,0.45755071374906087,"{""type"":""Point"",""coordinates"":[-73.45277,41.15971]}"
737,34.41536,-119.68356,-0.3417179555793417,0.12225274725274725,0.4416775884665793,"{""type"":""Point"",""coordinates"":[-119.68356000000001,34.41536]}"
738,28.6358,-80.80201,0.7643312101910829,0.0037174721189591076,-0.348993288590604,"{""type"":""Point"",""coordinates"":[-80.80201,28.635800000000003]}"
739,33.81044,-84.24797,-0.4600669536107126,0.21732405259087392,0.5960079840319361,"{""type"":""Point"",""coordinates"":[-84.24797,33.81044000000001]}"
740,40.87641,-74.74188,0.828505214368482,0.07066795740561471,-0.5815485996705108,"{""type"":""Point"",""coordinates"":[-74.74188,40.87641]}"
741,42.57084,-82.79604,0.32515337423312884,0.018473895582329317,-0.44786729857819907,"{""type"":""Point"",""coordinates"":[-82.79604,42.57084]}"
742,47.96257,-89.65391,0.8341968911917098,-0.32941176470588235,-0.5915492957746479,"{""type"":""Point"",""coordinates"":[-89.65391,47.96257000000001]}"
743,41.7908,-76.4622,-0.29070890477110295,0.06451612903225806,0.392483056069008,"{""type"":""Point"",""coordinates"":[-76.4622,41.79079999999999]}"
744,26.91942,-82.09915,0.329700272479564,0.010615711252653927,-0.46540880503144655,"{""type"":""Point"",""coordinates"":[-82.09915,26.91942]}"
745,45.52416,-92.38723,0.6381909547738693,0.08571428571428572,-0.25842696629213485,"{""type"":""Point"",""coordinates"":[-92.38723,45.524159999999995]}"
746,45.84,-89.76223,0.6531365313653137,0.0379746835443038,-0.06046511627906977,"{""type"":""Point"",""coordinates"":[-89.76223,45.839999999999996]}"
747,39.03284,-93.36754,0.6209964412811388,0.13398692810457516,-0.3965744400527009,"{""type"":""Point"",""coordinates"":[-93.36754,39.03284]}"
748,33.26406,-85.61267,0.7891891891891892,-0.08428246013667426,-0.5555555555555556,"{""type"":""Point"",""coordinates"":[-85.61267,33.26406]}"
749,39.45078,-76.27457,-0.056110684089162186,0.03364352183249821,0.07216494845360824,"{""type"":""Point"",""coordinates"":[-76.27457,39.45078000000001]}"
750,48.39274,-116.75954,-0.4106433677521843,0.49066666666666664,0.8420835055808186,"{""type"":""Point"",""coordinates"":[-116.75954000000003,48.392739999999996]}"
751,43.62959,-70.24921,-0.5127342623738588,0.314646110721794,0.7253580454928391,"{""type"":""Point"",""coordinates"":[-70.24921,43.62959]}"
752,30.0075,-95.38167,-0.5126737530662305,0.32540008206811655,0.6396317404647085,"{""type"":""Point"",""coordinates"":[-95.38167,30.007500000000004]}"
753,28.53365,-81.64641,0.07692307692307693,0.09473684210526316,0.08021390374331551,"{""type"":""Point"",""coordinates"":[-81.64641,28.533649999999998]}"
754,45.5947,-123.94897,-0.3373329697300245,-5.473453749315818E-4,0.2895452778857365,"{""type"":""Point"",""coordinates"":[-123.94897,45.5947]}"
755,27.43745,-82.55026,-0.48676081200353044,0.34764250527797325,0.7640921236798575,"{""type"":""Point"",""coordinates"":[-82.55026,27.43745]}"
756,41.35611,-83.10389,0.7109034267912773,0.06855575868372943,-0.2510742786985881,"{""type"":""Point"",""coordinates"":[-83.10389,41.356109999999994]}"
757,36.05949,-78.83224,-0.6192584394023243,0.43405051449953225,0.6554669703872438,"{""type"":""Point"",""coordinates"":[-78.83224,36.059490000000004]}"
758,34.92735,-78.46568,-0.4843701640359022,0.23436705643111336,0.6749406432117419,"{""type"":""Point"",""coordinates"":[-78.46568,34.92735]}"
759,46.67573,-120.45214,-0.1963882618510158,0.02225174360677516,0.06598984771573604,"{""type"":""Point"",""coordinates"":[-120.45214,46.67573]}"
760,42.78861,-113.61278,-0.211659489897317,0.1688888888888889,0.6164102564102564,"{""type"":""Point"",""coordinates"":[-113.61278000000001,42.78861]}"
761,41.62761,-70.52031,0.5490605427974948,-0.1791044776119403,-0.2589641434262948,"{""type"":""Point"",""coordinates"":[-70.52031,41.62760999999999]}"
762,27.8761,-82.3119,-0.5423728813559322,0.3937947494033413,0.6139817629179332,"{""type"":""Point"",""coordinates"":[-82.3119,27.876100000000005]}"
763,41.07725,-112.21688,-0.1375157701571281,0.022745275545999772,0.11552642359688652,"{""type"":""Point"",""coordinates"":[-112.21688,41.07725000000001]}"
764,26.55646,-82.17361,0.8249611600207146,-0.11009174311926606,-0.5232100708103855,"{""type"":""Point"",""coordinates"":[-82.17361,26.556459999999998]}"
765,43.67774,-86.06702,-0.47608346709470306,0.14645193759436337,0.4421052631578947,"{""type"":""Point"",""coordinates"":[-86.06702,43.67773999999999]}"
766,39.40078,-123.30357,-0.6973850315599639,0.47349733705300534,0.7093658126837463,"{""type"":""Point"",""coordinates"":[-123.30356999999998,39.40078]}"
767,27.428,-82.4825,-0.5438407746100054,0.5789473684210527,0.7206595538312318,"{""type"":""Point"",""coordinates"":[-82.48250000000002,27.427999999999997]}"
768,37.13862,-104.88535,-0.35894941634241245,0.09271335412531896,0.12806539509536785,"{""type"":""Point"",""coordinates"":[-104.88535000000002,37.13862]}"
769,42.01298,-111.92134,-0.39463115620376243,0.14522566779244703,0.4996405463695183,"{""type"":""Point"",""coordinates"":[-111.92134,42.01298]}"
770,41.89671,-86.09766,-0.5922887612797375,0.45196003074558033,0.7448559670781894,"{""type"":""Point"",""coordinates"":[-86.09766,41.89671]}"
771,39.64268,-106.82984,-0.36992414100847837,0.2345679012345679,0.5357047338860658,"{""type"":""Point"",""coordinates"":[-106.82984000000002,39.64268]}"
772,43.2337,-87.98552,-0.5413084112149533,0.3667466986794718,0.6789898067853339,"{""type"":""Point"",""coordinates"":[-87.98552,43.233700000000006]}"
773,42.3,-71.21,-0.6649800266311584,0.2811515969410706,0.6455976935018851,"{""type"":""Point"",""coordinates"":[-71.21,42.300000000000004]}"
774,40.35135,-104.77506,-0.29848800834202294,0.010274740888084563,0.15557370355247038,"{""type"":""Point"",""coordinates"":[-104.77506,40.35135]}"
775,39.17473,-94.39606,-0.5556137822612341,0.15793573515092502,0.449171974522293,"{""type"":""Point"",""coordinates"":[-94.39606,39.17473]}"
776,39.97507,-80.04144,-0.47956787224048847,0.23671497584541062,0.6028154851684263,"{""type"":""Point"",""coordinates"":[-80.04144,39.97507]}"
777,44.73039,-123.16255,-0.52994555353902,0.4992503748125937,0.4900763358778626,"{""type"":""Point"",""coordinates"":[-123.16255000000001,44.73039]}"
778,46.84822,-119.57947,-0.46710210354432813,0.3661224080937594,0.7198636504493338,"{""type"":""Point"",""coordinates"":[-119.57947000000001,46.84822]}"
779,45.0937,-93.2454,-0.5866515286675857,0.31072026800670016,0.6485909479077712,"{""type"":""Point"",""coordinates"":[-93.2454,45.0937]}"
780,44.86836,-93.34763,0.46153846153846156,0.17890772128060264,-0.030732860520094562,"{""type"":""Point"",""coordinates"":[-93.34763,44.86836000000001]}"
781,44.6175,-103.48028,-0.2823158498137002,-0.020134228187919462,0.10199004975124377,"{""type"":""Point"",""coordinates"":[-103.48028000000001,44.61749999999999]}"
782,26.80922,-82.17568,0.3316708229426434,0.03225806451612903,-0.7355371900826446,"{""type"":""Point"",""coordinates"":[-82.17568000000001,26.809219999999996]}"
783,40.11801,-111.31462,-0.3734083506070477,0.1784749636401413,0.41707209199469264,"{""type"":""Point"",""coordinates"":[-111.31462000000002,40.11801]}"
784,38.18196,-106.75212,0.32644017725258495,-0.016331839861251626,-0.006440532417346501,"{""type"":""Point"",""coordinates"":[-106.75212000000002,38.18196]}"
785,27.8589,-82.4686,0.7657657657657657,-0.0375,-0.25757575757575757,"{""type"":""Point"",""coordinates"":[-82.4686,27.858899999999995]}"
786,33.99341,-116.8395,-0.4247535028541775,0.04886573044417614,0.21452560873215784,"{""type"":""Point"",""coordinates"":[-116.83949999999999,33.99340999999999]}"
787,47.73147,-94.59805,0.5650118203309693,0.059548254620123205,0.04583333333333333,"{""type"":""Point"",""coordinates"":[-94.59805,47.731469999999995]}"
788,46.37699,-94.29646,0.4902654867256637,-0.020594965675057208,-0.29651162790697677,"{""type"":""Point"",""coordinates"":[-94.29646,46.376990000000006]}"
789,38.48018,-109.3982,-0.5042191512779748,0.09246785058175137,0.26038677479725514,"{""type"":""Point"",""coordinates"":[-109.39820000000002,38.48018]}"
790,39.7191,-87.4302,-0.5177639333221081,0.3113087674714104,0.6717141126589945,"{""type"":""Point"",""coordinates"":[-87.4302,39.719100000000005]}"
791,47.6731,-93.73046,0.4558303886925795,-0.04065040650406504,-0.31958762886597936,"{""type"":""Point"",""coordinates"":[-93.73046,47.67309999999999]}"
792,40.135,-105.79639,0.2608695652173913,-0.23684210526315788,-0.5932203389830508,"{""type"":""Point"",""coordinates"":[-105.79639000000002,40.135]}"
793,39.10565,-81.83975,-0.5045984058859595,0.38903672166045766,0.7705376773935638,"{""type"":""Point"",""coordinates"":[-81.83975,39.10564999999999]}"
794,39.74525,-75.05206,-0.5650928821734051,0.3142410830512887,0.6613089880416613,"{""type"":""Point"",""coordinates"":[-75.05206,39.74525]}"
795,39.86417,-86.05167,-0.561259274112693,0.3949771689497717,0.6777462505066882,"{""type"":""Point"",""coordinates"":[-86.05167,39.86417]}"
796,43.92583,-85.80151,-0.4765694076038904,0.1436950146627566,0.49568221070811747,"{""type"":""Point"",""coordinates"":[-85.80151,43.92583]}"
797,40.03328,-85.29506,0.061381074168797956,0.1232876712328767,0.13440405748098055,"{""type"":""Point"",""coordinates"":[-85.29506,40.03328]}"
798,41.9636,-75.7417,0.45873320537428025,-0.13106796116504854,-0.2328042328042328,"{""type"":""Point"",""coordinates"":[-75.7417,41.96360000000001]}"
799,28.71215,-81.4431,-0.6117989803350328,0.5105701473414478,0.7561442706670922,"{""type"":""Point"",""coordinates"":[-81.4431,28.712150000000005]}"
800,29.84631,-82.21964,-0.7394957983193278,0.601593625498008,0.7905027932960894,"{""type"":""Point"",""coordinates"":[-82.21964,29.846309999999995]}"
801,48.95334,-96.0252,-0.5685714285714286,0.4566929133858268,0.5295454545454545,"{""type"":""Point"",""coordinates"":[-96.0252,48.95334]}"
802,42.63054,-97.26464,-0.5393640012349491,0.181857081728712,0.5188726723704077,"{""type"":""Point"",""coordinates"":[-97.26464000000001,42.63054]}"
803,38.18082,-86.62695,0.5146198830409356,-0.0776255707762557,-0.475,"{""type"":""Point"",""coordinates"":[-86.62695,38.18081999999999]}"
804,44.12714,-113.38954,-0.24418004882913244,0.03357909248936042,0.14850062847908063,"{""type"":""Point"",""coordinates"":[-113.38954,44.12714]}"
805,39.93542,-86.09857,-0.5222199040267056,0.2648870636550308,0.6427145708582834,"{""type"":""Point"",""coordinates"":[-86.09857,39.93542]}"
806,26.72482,-81.66846,-0.42432481421062174,0.3174803946369846,0.635158891142664,"{""type"":""Point"",""coordinates"":[-81.66846,26.724819999999998]}"
807,46.72254,-88.4473,-0.43985952589991223,0.20147420147420148,0.44680851063829785,"{""type"":""Point"",""coordinates"":[-88.4473,46.722539999999995]}"
808,44.11524,-92.17468,-0.4823815309842041,0.12670007158196134,0.5746164574616457,"{""type"":""Point"",""coordinates"":[-92.17468,44.11524]}"
809,28.01646,-82.44371,-0.6985871271585558,0.6271899088997898,0.6513761467889908,"{""type"":""Point"",""coordinates"":[-82.44371,28.01646]}"
810,40.68,-74.52889,-0.5016956816640289,0.21260364842454393,0.6113930266819446,"{""type"":""Point"",""coordinates"":[-74.52889,40.68000000000001]}"
811,38.56599,-109.47718,-0.3803713527851459,0.03569303985722784,0.28035516093229745,"{""type"":""Point"",""coordinates"":[-109.47718000000002,38.56599]}"
812,40.15468,-110.55488,-0.17806637806637807,-0.03662147420913199,0.13407966675344962,"{""type"":""Point"",""coordinates"":[-110.55488000000001,40.154680000000006]}"
813,42.12221,-88.14239,0.1839080459770115,0.078125,0.09230769230769231,"{""type"":""Point"",""coordinates"":[-88.14239,42.12221]}"
814,43.59,-111.77,-0.33814507398051247,0.05269683818970862,0.12951006456513484,"{""type"":""Point"",""coordinates"":[-111.77000000000001,43.59]}"
815,45.53984,-94.82472,-0.5203709837694601,0.218014329580348,0.5994757536041939,"{""type"":""Point"",""coordinates"":[-94.82472,45.53984]}"
816,32.78549,-85.6428,-0.6436931079323797,0.26339622641509436,0.5603603603603604,"{""type"":""Point"",""coordinates"":[-85.6428,32.78549]}"
817,42.01723,-71.78725,-0.6267818574514039,0.26047976738551004,0.5672149744753262,"{""type"":""Point"",""coordinates"":[-71.78725,42.01723]}"
818,43.41691,-122.77963,-0.5373737373737374,0.4066666666666667,0.6516634050880626,"{""type"":""Point"",""coordinates"":[-122.77963000000001,43.41691]}"
819,39.8494,-84.0364,-0.34160679294578705,0.23786008230452674,0.21458863443596268,"{""type"":""Point"",""coordinates"":[-84.0364,39.849399999999996]}"
820,28.69577,-81.18408,-0.5654450261780105,0.42383006969797543,0.746050321825629,"{""type"":""Point"",""coordinates"":[-81.18408000000001,28.69577]}"
821,29.57328,-99.4031,-0.17797042325344212,-0.10272714427017098,0.19991798236620872,"{""type"":""Point"",""coordinates"":[-99.40310000000001,29.57327999999999]}"
822,43.8893,-93.35101,-0.45926459985580387,0.18680149015433742,0.538647342995169,"{""type"":""Point"",""coordinates"":[-93.35101,43.8893]}"
823,43.54707,-115.24113,-0.47,0.3967828418230563,0.6789154477345701,"{""type"":""Point"",""coordinates"":[-115.24113,43.54707]}"
824,40.00917,-76.16222,-0.05698630136986301,-0.035614913745130775,0.07019735198601049,"{""type"":""Point"",""coordinates"":[-76.16222,40.00917]}"
825,37.84212,-93.16357,-0.3649379573655743,0.14427860696517414,0.46188850967007966,"{""type"":""Point"",""coordinates"":[-93.16357,37.84212000000001]}"
826,27.72088,-82.46987,-0.5548846236791029,0.4168119986048134,0.7587301587301587,"{""type"":""Point"",""coordinates"":[-82.46987,27.720880000000005]}"
827,47.31926,-123.13981,-0.27335640138408307,0.06267029972752043,0.08266666666666667,"{""type"":""Point"",""coordinates"":[-123.13981000000001,47.31926]}"
828,37.39956,-81.5795,-0.6888400219901044,0.2235658914728682,0.4036675398904501,"{""type"":""Point"",""coordinates"":[-81.5795,37.39956]}"
829,41.81868,-78.29279,-0.17827935884854432,0.002491853555683343,0.207673568818514,"{""type"":""Point"",""coordinates"":[-78.29279,41.81868]}"
830,29.95556,-95.48333,-0.4650278021656424,0.2545168892380204,0.43190661478599224,"{""type"":""Point"",""coordinates"":[-95.48333000000001,29.955560000000002]}"
831,33.3528,-93.4931,0.28517110266159695,0.1043956043956044,-0.24904214559386972,"{""type"":""Point"",""coordinates"":[-93.4931,33.3528]}"
832,42.88024,-123.26786,-0.5292307692307693,0.41675895164267257,0.7607148265939724,"{""type"":""Point"",""coordinates"":[-123.26786,42.88023999999999]}"
833,34.0179,-84.3525,-0.4331323164242639,0.17857142857142858,0.4608058608058608,"{""type"":""Point"",""coordinates"":[-84.3525,34.0179]}"
834,35.37722,-118.86749,-0.38219153832536734,0.03854076799830973,0.11101271098145442,"{""type"":""Point"",""coordinates"":[-118.86749000000003,35.37722]}"
835,32.74117,-115.97196,-0.21637257737923055,0.04579650865532101,0.059060789397868046,"{""type"":""Point"",""coordinates"":[-115.97196,32.74117]}"
836,38.76942,-112.83188,-0.3044770156558216,0.08292692461810611,0.23525984001695185,"{""type"":""Point"",""coordinates"":[-112.83188000000001,38.76942]}"
837,41.03367,-116.99317,-0.48215431702621314,0.08461025982678212,0.14964723356851092,"{""type"":""Point"",""coordinates"":[-116.99317000000002,41.03367]}"
838,40.0269,-111.50408,-0.40169877770872175,0.209351195166798,0.45242859741677277,"{""type"":""Point"",""coordinates"":[-111.50408,40.02689999999999]}"
839,45.37479,-95.09023,-0.47603989297008026,0.2335195530726257,0.6304277556297813,"{""type"":""Point"",""coordinates"":[-95.09023,45.37479]}"
840,35.49331,-81.68133,-0.41878914405010437,0.13896609227348528,0.34461603554051196,"{""type"":""Point"",""coordinates"":[-81.68133,35.49331]}"
841,35.35267,-82.4642,-0.5555555555555556,0.14712153518123666,0.3925588458618071,"{""type"":""Point"",""coordinates"":[-82.4642,35.35267000000001]}"
842,39.27768,-119.94128,-0.4435134886290396,0.3186727644254159,0.5016015374759769,"{""type"":""Point"",""coordinates"":[-119.94128000000005,39.277680000000004]}"
843,38.158,-102.81,-0.4645920117618231,0.1491213389121339,0.3896758703481393,"{""type"":""Point"",""coordinates"":[-102.81,38.158]}"
844,39.44167,-85.00306,0.5087719298245614,-0.08888888888888889,-0.4,"{""type"":""Point"",""coordinates"":[-85.00306,39.44167]}"
845,46.7754,-96.64387,-0.6138814016172507,0.3516286227237753,0.6117936117936118,"{""type"":""Point"",""coordinates"":[-96.64387,46.775400000000005]}"
846,33.93836,-116.85947,-0.21533818569146104,0.038117058946052905,0.043298114771079345,"{""type"":""Point"",""coordinates"":[-116.85947,33.93836]}"
847,40.44778,-86.04512,-0.4531365313653137,0.12958843159065628,0.4351200144378271,"{""type"":""Point"",""coordinates"":[-86.04512,40.44778]}"
848,41.5522,-73.0872,0.39097744360902253,-0.0070921985815602835,-0.3786407766990291,"{""type"":""Point"",""coordinates"":[-73.0872,41.5522]}"
849,26.48161,-80.08181,-0.20498614958448755,-0.17054263565891473,-0.26359832635983266,"{""type"":""Point"",""coordinates"":[-80.08181,26.48161]}"
850,40.90939,-111.91105,-0.23168746608790017,0.07596807567248005,0.1470668485675307,"{""type"":""Point"",""coordinates"":[-111.91105,40.90939]}"
851,42.63739,-113.91795,-0.18779123951537743,0.027932960893854747,0.1391697139169714,"{""type"":""Point"",""coordinates"":[-113.91795,42.63739]}"
852,38.96453,-92.44606,-0.5449077786688051,0.3120046962136777,0.5253138922640745,"{""type"":""Point"",""coordinates"":[-92.44606,38.96453]}"
853,40.29704,-104.24193,-0.5716744861106423,0.07241813602015114,0.27384767069263,"{""type"":""Point"",""coordinates"":[-104.24193000000001,40.29704000000001]}"
854,34.07627,-81.47241,0.8554838709677419,-0.031794871794871796,-0.33245033112582784,"{""type"":""Point"",""coordinates"":[-81.47241,34.07627]}"
855,38.52403,-109.99442,-0.32356952268010675,0.05841644616324038,0.13224535734383794,"{""type"":""Point"",""coordinates"":[-109.99442,38.52403]}"
856,36.18893,-79.73439,0.728110599078341,-0.05759162303664921,-0.3835616438356164,"{""type"":""Point"",""coordinates"":[-79.73439,36.18893]}"
857,42.77,-113.65417,-0.2011577424023155,0.09491945477075589,0.3011863758132415,"{""type"":""Point"",""coordinates"":[-113.65417,42.77]}"
858,34.84088,-111.78473,-0.527366387636832,0.1777167516673205,0.3091628213579433,"{""type"":""Point"",""coordinates"":[-111.78473000000001,34.84088]}"
859,40.1157,-74.175,-0.5437280187573271,0.2597498160412068,0.5740897544453852,"{""type"":""Point"",""coordinates"":[-74.17500000000001,40.1157]}"
860,43.432,-72.0919,0.4519230769230769,-0.046357615894039736,-0.29508196721311475,"{""type"":""Point"",""coordinates"":[-72.0919,43.432]}"
861,36.48027,-92.12858,-0.3680473372781065,0.060203283815480846,0.29460093896713613,"{""type"":""Point"",""coordinates"":[-92.12858,36.48027]}"
862,36.9549,-76.3928,0.823045267489712,-0.032397408207343416,-0.47987616099071206,"{""type"":""Point"",""coordinates"":[-76.3928,36.9549]}"
863,42.96668,-87.84167,0.7975133214920072,-0.2074074074074074,-0.43612334801762115,"{""type"":""Point"",""coordinates"":[-87.84167,42.966680000000004]}"
864,27.0451,-82.4191,-0.436470953712333,0.21100917431192662,0.27565084226646247,"{""type"":""Point"",""coordinates"":[-82.4191,27.045100000000005]}"
865,44.91308,-93.20715,-0.5251368840219014,0.41225165562913907,0.7655217965653897,"{""type"":""Point"",""coordinates"":[-93.20715000000001,44.91308000000001]}"
866,40.55644,-86.39198,-0.2997711670480549,0.033906633906633905,0.3152211772901428,"{""type"":""Point"",""coordinates"":[-86.39198,40.55644]}"
867,25.61061,-80.31011,-0.30352679811163563,0.13873026536781996,0.19925046845721425,"{""type"":""Point"",""coordinates"":[-80.31011,25.610609999999998]}"
868,27.0048,-82.3825,-0.43802205145339124,0.21589403973509932,0.4211212516297262,"{""type"":""Point"",""coordinates"":[-82.3825,27.0048]}"
869,30.40186,-91.03677,-0.353596757852077,0.12045270816491511,0.3397256948658818,"{""type"":""Point"",""coordinates"":[-91.03677,30.401860000000006]}"
870,45.23366,-122.7502,-0.24907063197026022,0.016717325227963525,0.2143290831815422,"{""type"":""Point"",""coordinates"":[-122.7502,45.23366]}"
871,34.04682,-117.03588,-0.37245026441702345,0.0406648857227664,0.22475413768289756,"{""type"":""Point"",""coordinates"":[-117.03588000000002,34.04681999999999]}"
872,27.58326,-82.5461,-0.5293352836014952,0.32596387166352114,0.6853762899572112,"{""type"":""Point"",""coordinates"":[-82.5461,27.58326]}"
873,39.88583,-86.35554,-0.43197552729029143,0.15879201169020946,0.4000347403161369,"{""type"":""Point"",""coordinates"":[-86.35554,39.88582999999999]}"
874,45.74191,-68.73324,-0.43768545994065283,0.28472906403940884,0.5107816711590296,"{""type"":""Point"",""coordinates"":[-68.73324,45.74190999999999]}"
875,38.9879,-122.8631,-0.5840363400389358,0.304257528556594,0.7002237136465325,"{""type"":""Point"",""coordinates"":[-122.8631,38.9879]}"
876,38.06607,-75.4913,-0.5635616949785328,0.3300395256916996,0.641333098219009,"{""type"":""Point"",""coordinates"":[-75.4913,38.06607]}"
877,48.61001,-117.36788,-0.5606985963784421,0.11221614453837228,0.32679738562091504,"{""type"":""Point"",""coordinates"":[-117.36787999999999,48.61001]}"
878,40.97267,-109.97537,-0.3884032634032634,0.14914772727272727,0.4419471293816234,"{""type"":""Point"",""coordinates"":[-109.97537,40.97267]}"
879,44.93989,-93.31044,0.6802030456852792,0.018666666666666668,-0.3939393939393939,"{""type"":""Point"",""coordinates"":[-93.31044,44.93989]}"
880,35.68054,-83.39951,-0.6095238095238096,0.44142362827483933,0.8068045819798256,"{""type"":""Point"",""coordinates"":[-83.39951,35.68053999999999]}"
881,32.61625,-116.19281,-0.22116056863202052,-0.07192174913693901,0.22033898305084745,"{""type"":""Point"",""coordinates"":[-116.19281000000002,32.61625]}"
882,25.91648,-81.58071,0.8183333333333334,-0.05092966855295069,-0.5921616656460502,"{""type"":""Point"",""coordinates"":[-81.58071,25.916480000000004]}"
883,39.53978,-85.89472,-0.515212640779963,0.2543197858359698,0.5608427690984664,"{""type"":""Point"",""coordinates"":[-85.89472,39.53978000000001]}"
884,38.92547,-122.6166,-0.016376663254861822,0.004986149584487534,0.23116438356164384,"{""type"":""Point"",""coordinates"":[-122.61659999999999,38.92547]}"
885,43.92277,-85.22498,-0.49436038514442915,0.2428904428904429,0.5549465607015621,"{""type"":""Point"",""coordinates"":[-85.22498,43.92277000000001]}"
886,39.8244,-83.0244,-0.3852140077821012,0.20177876598110062,0.42970611596505165,"{""type"":""Point"",""coordinates"":[-83.02440000000001,39.8244]}"
887,41.57183,-70.91705,0.7791798107255521,-0.07981220657276995,-0.15,"{""type"":""Point"",""coordinates"":[-70.91705,41.57183]}"
888,32.90371,-85.87341,0.8245614035087719,-0.06526315789473684,-0.3901098901098901,"{""type"":""Point"",""coordinates"":[-85.87341,32.90371]}"
889,27.85964,-82.55344,0.6272401433691757,-0.09473684210526316,-0.40540540540540543,"{""type"":""Point"",""coordinates"":[-82.55344,27.85964]}"
890,39.84736,-86.34653,-0.19540803593711006,-0.06053199137311287,0.196426625994117,"{""type"":""Point"",""coordinates"":[-86.34653,39.84736]}"
891,35.23751,-93.13069,-0.4465133260313983,0.228486646884273,0.37674790251697965,"{""type"":""Point"",""coordinates"":[-93.13069,35.23751]}"
892,46.9354,-122.057,-0.7828646173969915,0.7058152793614595,0.8467023172905526,"{""type"":""Point"",""coordinates"":[-122.05700000000002,46.93540000000001]}"
893,41.51708,-85.1443,0.23121387283236994,-0.003389830508474576,-0.03496503496503497,"{""type"":""Point"",""coordinates"":[-85.1443,41.51707999999999]}"
894,30.22667,-85.71,0.6815286624203821,-0.13501144164759726,-0.24310776942355888,"{""type"":""Point"",""coordinates"":[-85.71,30.22666999999999]}"
895,30.38295,-87.27539,-0.3607164916615195,0.12525499796001632,0.3824884792626728,"{""type"":""Point"",""coordinates"":[-87.27539,30.382950000000005]}"
896,46.78148,-96.62374,-0.5512348922753547,0.3317557974443919,0.7252918287937743,"{""type"":""Point"",""coordinates"":[-96.62374000000001,46.78148]}"
897,26.97873,-82.39014,0.6645569620253164,0.0681063122923588,-0.6923076923076923,"{""type"":""Point"",""coordinates"":[-82.39014,26.978730000000002]}"
898,41.50133,-111.92688,0.6705314905852889,0.07480314960629922,-0.3857493857493858,"{""type"":""Point"",""coordinates"":[-111.92688,41.50133]}"
899,46.41454,-100.6355,-0.5046030918881362,0.3021027415491083,0.5768920445376795,"{""type"":""Point"",""coordinates"":[-100.6355,46.41454]}"
900,47.33753,-91.20011,-0.09751434034416825,0.07947477539737388,0.07048150732728542,"{""type"":""Point"",""coordinates"":[-91.20011,47.33753000000001]}"
901,37.70259,-105.38002,-0.376007030906694,0.1536185095507129,0.31379962192816635,"{""type"":""Point"",""coordinates"":[-105.38002000000002,37.70259000000001]}"
902,38.71527,-106.85337,0.5594029850746268,-0.09887685519454473,-0.06233640329617063,"{""type"":""Point"",""coordinates"":[-106.85337,38.71527]}"
903,32.73451,-86.03588,-0.2385948905109489,-0.045580878265703166,0.2782041442824252,"{""type"":""Point"",""coordinates"":[-86.03588,32.73451]}"
904,28.51779,-81.57083,0.02631578947368421,0.14285714285714285,-0.3448275862068966,"{""type"":""Point"",""coordinates"":[-81.57083,28.51779]}"
905,39.97768,-105.79192,0.4060853306136325,0.09164059007599464,0.1608853650479022,"{""type"":""Point"",""coordinates"":[-105.79192,39.97767999999999]}"
906,32.3827,-81.17936,0.5807050092764379,-0.004784688995215311,-0.36807817589576547,"{""type"":""Point"",""coordinates"":[-81.17936,32.38269999999999]}"
907,27.70774,-82.68457,0.8160337552742616,-0.17357910906298002,-0.8277511961722488,"{""type"":""Point"",""coordinates"":[-82.68457000000001,27.707740000000005]}"
908,46.07633,-115.41138,-0.4916013437849944,0.37877312560856863,0.6940047961630695,"{""type"":""Point"",""coordinates"":[-115.41138000000001,46.07633]}"
909,44.26042,-86.08341,-0.2751269035532995,0.26878612716763006,0.025048169556840076,"{""type"":""Point"",""coordinates"":[-86.08341,44.26042]}"
910,39.9183,-83.8483,-0.5282442748091603,0.3884498480243161,0.7256613035178621,"{""type"":""Point"",""coordinates"":[-83.8483,39.918300000000016]}"
911,47.37716,-95.31692,0.5615615615615616,-0.12455516014234876,-0.7362637362637363,"{""type"":""Point"",""coordinates"":[-95.31692,47.37716]}"
912,38.58777,-106.93143,-0.35377196004133654,0.1352154531946508,0.37182946573124664,"{""type"":""Point"",""coordinates"":[-106.93143,38.58777]}"
913,47.60221,-93.99318,0.3140376266280753,-0.012987012987012988,-0.021834061135371178,"{""type"":""Point"",""coordinates"":[-93.99318,47.60221]}"
914,30.52394,-86.49922,-0.42874692874692877,0.2800702370500439,0.6316262353998203,"{""type"":""Point"",""coordinates"":[-86.49922,30.523939999999993]}"
915,45.04888,-93.50725,-0.2884510125889436,0.088115396676074,0.21617250673854446,"{""type"":""Point"",""coordinates"":[-93.50725000000001,45.048880000000004]}"
916,42.23872,-73.82916,0.8162544169611308,0.1646655231560892,-0.1080773606370876,"{""type"":""Point"",""coordinates"":[-73.82916,42.23872]}"
917,41.2769,-82.5922,-0.5028304208712774,0.40764331210191085,0.780253164556962,"{""type"":""Point"",""coordinates"":[-82.5922,41.27689999999999]}"
918,29.85163,-81.30175,0.7595307917888563,-0.10662824207492795,-0.44360902255639095,"{""type"":""Point"",""coordinates"":[-81.30175,29.851630000000004]}"
919,40.99698,-74.44823,-0.4542916957431961,0.31316725978647686,0.40706605222734255,"{""type"":""Point"",""coordinates"":[-74.44823,40.99698]}"
920,29.00772,-80.91018,0.3434343434343434,-0.2010652463382157,-0.15051020408163265,"{""type"":""Point"",""coordinates"":[-80.91018000000001,29.00772]}"
921,40.37054,-86.91596,-0.297509095997761,0.10738817222315296,0.32795156407669024,"{""type"":""Point"",""coordinates"":[-86.91596,40.37054]}"
922,41.83868,-71.94311,-0.6362704454661944,0.2363102630687592,0.6013202876340918,"{""type"":""Point"",""coordinates"":[-71.94311,41.83868]}"
923,40.58802,-74.40922,-0.5547469401257029,0.33695947783519176,0.6784913622576817,"{""type"":""Point"",""coordinates"":[-74.40922,40.58802]}"
924,32.35118,-86.67344,0.5303030303030303,0.05263157894736842,-0.25316455696202533,"{""type"":""Point"",""coordinates"":[-86.67344,32.35117999999999]}"
925,30.66338,-81.48418,0.7580645161290323,0.003395585738539898,-0.530638852672751,"{""type"":""Point"",""coordinates"":[-81.48418,30.66338]}"
926,46.59528,-101.80987,-0.5636264336428182,0.14310344827586208,0.403003003003003,"{""type"":""Point"",""coordinates"":[-101.80987,46.59528]}"
927,39.5418,-106.75532,0.13791957460950482,0.1988349514563107,0.21737481031866465,"{""type"":""Point"",""coordinates"":[-106.75532000000001,39.5418]}"
928,32.01064,-87.47435,-0.428743961352657,0.2880658436213992,0.6690578670492587,"{""type"":""Point"",""coordinates"":[-87.47435,32.01064]}"
929,42.85978,-72.0553,0.5402843601895735,-0.037037037037037035,-0.2804878048780488,"{""type"":""Point"",""coordinates"":[-72.0553,42.85978]}"
930,44.96385,-93.67218,-0.5722433460076045,0.3076923076923077,0.6200091785222579,"{""type"":""Point"",""coordinates"":[-93.67218000000001,44.96385]}"
931,43.12171,-70.85431,0.7946768060836502,-0.06923076923076923,-0.48663101604278075,"{""type"":""Point"",""coordinates"":[-70.85431,43.12170999999999]}"
932,32.48182,-92.15432,-0.31606358407680807,0.13438814340076102,0.24565843441836108,"{""type"":""Point"",""coordinates"":[-92.15432,32.481820000000006]}"
933,40.17134,-74.07981,-0.6132723112128147,0.25286160249739853,0.6627524659464538,"{""type"":""Point"",""coordinates"":[-74.07981,40.171339999999994]}"
934,42.74525,-113.69788,-0.20143027413587605,0.14079822616407983,0.39759036144578314,"{""type"":""Point"",""coordinates"":[-113.69788,42.74525]}"
935,39.06838,-85.79876,-0.1475661172863166,-0.02825382121352478,0.35011709601873536,"{""type"":""Point"",""coordinates"":[-85.79876,39.06838]}"
936,41.3267,-85.471,-0.4480127186009539,0.12199717381064532,0.4853672004417449,"{""type"":""Point"",""coordinates"":[-85.471,41.3267]}"
937,29.76763,-84.99305,0.6320300835038434,-0.08057005785240584,-0.43859033926536334,"{""type"":""Point"",""coordinates"":[-84.99305,29.767629999999997]}"
938,33.78585,-116.53619,-0.2674904515839137,-0.05441645973749552,0.17491776658200442,"{""type"":""Point"",""coordinates"":[-116.53619,33.78585000000001]}"
939,39.84583,-105.75139,0.1473851030110935,0.23223443223443224,0.6692963079835911,"{""type"":""Point"",""coordinates"":[-105.75139,39.84583]}"
940,35.1462,-89.72786,-0.5236470880858473,0.2582441451759409,0.5576021670003533,"{""type"":""Point"",""coordinates"":[-89.72786,35.14620000000001]}"
941,42.93517,-112.54406,-0.5517651725505752,0.4622754491017964,0.7799558931634404,"{""type"":""Point"",""coordinates"":[-112.54406000000002,42.93517]}"
942,47.90405,-94.73025,-0.6330480089318943,0.4445797807551766,0.544682975536695,"{""type"":""Point"",""coordinates"":[-94.73025,47.90405]}"
943,38.9425,-122.81556,-0.4027894215379926,0.20986093552465235,0.5869134170522141,"{""type"":""Point"",""coordinates"":[-122.81555999999999,38.9425]}"
944,28.03412,-82.77985,-0.5353167375025298,0.27041149575440887,0.6676089867579229,"{""type"":""Point"",""coordinates"":[-82.77985,28.034120000000005]}"
945,55.94657,-132.09278,0.5874125874125874,0.05263157894736842,-0.10043668122270742,"{""type"":""Point"",""coordinates"":[-132.09278,55.94657000000001]}"
946,39.94817,-74.10153,0.7,-0.07017543859649122,-0.38636363636363635,"{""type"":""Point"",""coordinates"":[-74.10153,39.94817]}"
947,35.086,-79.99883,0.3633633633633634,-0.12518853695324283,-0.10029498525073746,"{""type"":""Point"",""coordinates"":[-79.99883,35.086]}"
948,46.8257,-95.8242,-0.5417543859649123,0.39324618736383443,0.7254128666502342,"{""type"":""Point"",""coordinates"":[-95.82420000000002,46.825700000000005]}"
949,47.78944,-96.49083,0.03510204081632653,-0.07647304638529043,0.1464546056991385,"{""type"":""Point"",""coordinates"":[-96.49083,47.78943999999999]}"
950,43.36143,-71.9501,0.49333333333333335,0.04081632653061224,0.0,"{""type"":""Point"",""coordinates"":[-71.9501,43.36143]}"
951,47.57472,-95.08768,-0.5805852299117511,0.4190231362467866,0.7526450200656695,"{""type"":""Point"",""coordinates"":[-95.08768000000002,47.57472]}"
952,44.94911,-115.58683,-0.495026778882938,0.3350808213193534,0.6488232579603138,"{""type"":""Point"",""coordinates"":[-115.58683000000002,44.94911]}"
953,26.41836,-81.50297,0.648506151142355,0.13989637305699482,-0.2613981762917933,"{""type"":""Point"",""coordinates"":[-81.50297,26.41836]}"
954,41.55367,-86.38429,-0.5857180362299816,0.3106338397066527,0.7139130434782609,"{""type"":""Point"",""coordinates"":[-86.38429,41.55367]}"
955,41.73595,-70.6462,0.7060931899641577,-0.17419354838709677,-0.3582089552238806,"{""type"":""Point"",""coordinates"":[-70.6462,41.73595]}"
956,29.9116,-82.8603,-0.8847117794486216,0.8207547169811321,0.39361702127659576,"{""type"":""Point"",""coordinates"":[-82.8603,29.9116]}"
957,41.45472,-97.28944,-0.5716141604417019,0.28199791883454733,0.6215030170049369,"{""type"":""Point"",""coordinates"":[-97.28944000000001,41.45472]}"
958,35.65493,-120.88475,-0.46958062610750145,0.15146645239051829,0.4424498416050686,"{""type"":""Point"",""coordinates"":[-120.88475,35.65493]}"
959,46.6639,-92.4814,-0.5227272727272727,0.1781011781011781,0.4450163781001404,"{""type"":""Point"",""coordinates"":[-92.4814,46.6639]}"
960,38.58734,-77.4286,-0.5839618896387455,0.3115727002967359,0.7017036322725811,"{""type"":""Point"",""coordinates"":[-77.4286,38.587340000000005]}"
961,26.40907,-81.39787,-0.5496984587893678,0.23674096848578016,0.7127567254845242,"{""type"":""Point"",""coordinates"":[-81.39787,26.40907]}"
962,30.28147,-81.57232,0.014367816091954023,-0.15530903328050713,0.09158878504672897,"{""type"":""Point"",""coordinates"":[-81.57232,30.28147]}"
963,40.3353,-76.4628,-0.49328713728886964,0.3606010016694491,0.8078755956859794,"{""type"":""Point"",""coordinates"":[-76.4628,40.3353]}"
964,30.50689,-85.58417,-0.35570469798657717,0.0010863661053775121,0.21250401455946902,"{""type"":""Point"",""coordinates"":[-85.58417000000001,30.50688999999999]}"
965,45.1794,-95.05364,-0.5476117103235747,0.2696684809500247,0.5962800875273523,"{""type"":""Point"",""coordinates"":[-95.05364000000002,45.1794]}"
966,35.15688,-80.16583,-0.18201037862771477,0.0023180343069077423,0.2221218145671426,"{""type"":""Point"",""coordinates"":[-80.16583,35.15688]}"
967,35.12922,-94.04878,-0.17472350838471323,-0.09542493070803784,0.22319787625076581,"{""type"":""Point"",""coordinates"":[-94.04878,35.12922]}"
968,36.95132,-106.12396,-0.2818911685994648,0.13771377137713772,0.3722149410222805,"{""type"":""Point"",""coordinates"":[-106.12396,36.95132]}"
969,46.36652,-93.89782,0.34545454545454546,-0.075,-0.2198581560283688,"{""type"":""Point"",""coordinates"":[-93.89782,46.36652]}"
970,40.12718,-110.74182,-0.46583481877599525,0.18022782750203417,0.4645229869784746,"{""type"":""Point"",""coordinates"":[-110.74182000000002,40.12718]}"
971,40.66254,-122.78779,-0.7032258064516129,0.6861397479954181,0.9204875217643644,"{""type"":""Point"",""coordinates"":[-122.78779000000002,40.66254]}"
972,44.9058,-93.89775,-0.4892638036809816,0.2562574493444577,0.6196281621456873,"{""type"":""Point"",""coordinates"":[-93.89775,44.9058]}"
973,39.1774,-91.86066,-0.39631248812012926,0.19287833827893175,0.5070840197693575,"{""type"":""Point"",""coordinates"":[-91.86066,39.177400000000006]}"
974,30.4162,-86.5343,0.8117647058823529,-0.12,-0.24444444444444444,"{""type"":""Point"",""coordinates"":[-86.5343,30.416200000000003]}"
975,45.03709,-67.20083,-0.43521594684385384,0.37763012181616834,0.6498442367601246,"{""type"":""Point"",""coordinates"":[-67.20083,45.03708999999999]}"
976,33.53229,-116.69786,-0.5230920406157878,0.10334893770255671,0.272992700729927,"{""type"":""Point"",""coordinates"":[-116.69786,33.53229]}"
977,39.08448,-119.91719,-0.39190353143841516,0.3102291783119061,0.7240731630964626,"{""type"":""Point"",""coordinates"":[-119.91719,39.08447999999999]}"
978,38.97168,-75.44719,-0.5405192761605035,0.21540656205420827,0.4264859228362878,"{""type"":""Point"",""coordinates"":[-75.44719,38.97168]}"
979,39.00922,-85.50087,-0.31882633721746456,0.10824022346368715,0.2670397474530062,"{""type"":""Point"",""coordinates"":[-85.50087,39.00922]}"
980,58.2408,-134.64205,0.9731285988483686,-0.10437710437710437,-0.28627450980392155,"{""type"":""Point"",""coordinates"":[-134.64205,58.2408]}"
981,28.81423,-81.41933,-0.2812887236679058,0.19419237749546278,0.5501519756838906,"{""type"":""Point"",""coordinates"":[-81.41933,28.81422999999999]}"
982,47.61032,-115.823,-0.4190268700072622,0.4956736711990111,0.8501652589056188,"{""type"":""Point"",""coordinates"":[-115.82300000000001,47.61032]}"
983,42.36,-71.15,0.024712786180676106,0.06160469667318985,0.05352913311226907,"{""type"":""Point"",""coordinates"":[-71.15,42.36]}"
984,41.2046,-73.18765,-0.4235441977377461,0.15721231766612642,0.3564356435643564,"{""type"":""Point"",""coordinates"":[-73.18765,41.204600000000006]}"
985,41.14862,-97.56423,-0.5495548961424332,0.22736509370060962,0.5487274165897402,"{""type"":""Point"",""coordinates"":[-97.56423,41.14862]}"
986,48.07658,-90.69265,0.834648940589946,-0.0021211407023332546,-0.08331210191082802,"{""type"":""Point"",""coordinates"":[-90.69265,48.07657999999999]}"
987,39.1046,-123.1237,-0.47060609126783365,0.1326007326007326,0.28403593642017966,"{""type"":""Point"",""coordinates"":[-123.1237,39.104600000000005]}"
988,25.71883,-80.10008,0.8364116094986808,-0.875,-1.0,"{""type"":""Point"",""coordinates"":[-80.10008,25.718830000000004]}"
989,44.26281,-71.45708,-0.5327433628318584,0.3504950495049505,0.4462577377602701,"{""type"":""Point"",""coordinates"":[-71.45708,44.26281000000001]}"
990,35.43121,-80.0164,-0.011389521640091117,-0.026467203682393557,0.0762858129099068,"{""type"":""Point"",""coordinates"":[-80.0164,35.43121]}"
